Workbook

Sheet Navigation
B1: All the requirements are recorded and done by Ivan & CrazyDD/ΜΟΛΩΝ ΛΑΒΕ
B3: Follow our YouTube channel - youtube.com/@TheRocNoobs We play in Bracket 2 - 584 goW (ΜΟΛΩΝ ΛΑΒΕ)
B7: You can find the Tech + Royal + Artifact + Dragon + Season Talents file on this link here.
B10: Level | C10: Tech | D10: Virtue Badges | E10: Completion | F10: Total
B12: I | F12: =SUM(D13,D15,D17) -> 46941
C13: Footman Training I | D13: =SUM('Footman Training I'!F15,'Footman Training I'!F34,'Footman Training I'!F56,'Footman Training I'!F85) -> 15647 | E13: =ROUND(100 * ( COUNT('Footman Training I'!D4:E14) + COUNT('Footman Training I'!D20:E33) + COUNT('Footman Training I'!D39:E55) + COUNT('Footman Training I'!D61:E84) ) / ( 'Footman Training I'!D15 + 'Footman Training I'!D34 + 'Footman Training I'!D56 + 'Footman Training I'!D85 ), 2) & "%" -> 100%
C15: Cavalry Training I | D15: =SUM('Cavalry Training I'!F15,'Cavalry Training I'!F34,'Cavalry Training I'!F56,'Cavalry Training I'!F85) -> 15647 | E15: =ROUND(100 * ( COUNT('Cavalry Training I'!D4:E14) + COUNT('Cavalry Training I'!D20:E33) + COUNT('Cavalry Training I'!D39:E55) + COUNT('Cavalry Training I'!D61:E84) ) / ( 'Cavalry Training I'!D15 + 'Cavalry Training I'!D34 + 'Cavalry Training I'!D56 + 'Cavalry Training I'!D85 ), 2) & "%" -> 100%
C17: Archer Training I | D17: =SUM('Archer Training I'!F15,'Archer Training I'!F34,'Archer Training I'!F56,'Archer Training I'!F85) -> 15647 | E17: =ROUND(100 * ( COUNT('Archer Training I'!D4:E14) + COUNT('Archer Training I'!D20:E33) + COUNT('Archer Training I'!D39:E55) + COUNT('Archer Training I'!D61:E84) ) / ( 'Archer Training I'!D15 + 'Archer Training I'!D34 + 'Archer Training I'!D56 + 'Archer Training I'!D85 ), 2) & "%" -> 100%
B20: II | F20: =SUM(D21,D23,D25) -> 80382
C21: Footman Training II | D21: =SUM('Footman Training II'!F18,'Footman Training II'!F41,'Footman Training II'!F69,'Footman Training II'!F102) -> 26794 | E21: =ROUND(100 * ( COUNT('Footman Training II'!D4:E17) + COUNT('Footman Training II'!D23:E40) + COUNT('Footman Training II'!D46:E68) + COUNT('Footman Training II'!D74:E101) ) / ( 'Footman Training II'!D18 + 'Footman Training II'!D41 + 'Footman Training II'!D69 + 'Footman Training II'!D102 ), 2) & "%" -> 100%
C23: Cavalry Training II | D23: =SUM('Cavalry Training II'!F18,'Cavalry Training II'!F41,'Cavalry Training II'!F69,'Cavalry Training II'!F102) -> 26794 | E23: =ROUND(100 * ( COUNT('Cavalry Training II'!D4:E17) + COUNT('Cavalry Training II'!D23:E40) + COUNT('Cavalry Training II'!D46:E68) + COUNT('Cavalry Training II'!D74:E101) ) / ( 'Cavalry Training II'!D18 + 'Cavalry Training II'!D41 + 'Cavalry Training II'!D69 + 'Cavalry Training II'!D102 ), 2) & "%" -> 100%
C25: Archer Training II | D25: =SUM('Archer Training II'!F18,'Archer Training II'!F41,'Archer Training II'!F69,'Archer Training II'!F102) -> 26794 | E25: =ROUND(100 * ( COUNT('Archer Training II'!D4:E17) + COUNT('Archer Training II'!D23:E40) + COUNT('Archer Training II'!D46:E68) + COUNT('Archer Training II'!D74:E101) ) / ( 'Archer Training II'!D18 + 'Archer Training II'!D41 + 'Archer Training II'!D69 + 'Archer Training II'!D102 ), 2) & "%" -> 100%
B28: III | F28: =SUM(D29,D31,D33) -> 156573
C29: Footman Training III | D29: =SUM('Footman Training III'!F21,'Footman Training III'!F50,'Footman Training III'!F84,'Footman Training III'!F123) -> 52191 | E29: =ROUND(100 * ( COUNT('Footman Training III'!D4:E20) + COUNT('Footman Training III'!D26:E49) + COUNT('Footman Training III'!D55:E83) + COUNT('Footman Training III'!D89:E122) ) / ( 'Footman Training III'!D21 + 'Footman Training III'!D50 + 'Footman Training III'!D84 + 'Footman Training III'!D123 ), 2) & "%" -> 100%
C31: Cavalry Training III | D31: =SUM('Cavalry Training III'!F21,'Cavalry Training III'!F50,'Cavalry Training III'!F84,'Cavalry Training III'!F123) -> 52191 | E31: =ROUND(100 * ( COUNT('Cavalry Training III'!D4:E20) + COUNT('Cavalry Training III'!D26:E49) + COUNT('Cavalry Training III'!D55:E83) + COUNT('Cavalry Training III'!D89:E122) ) / ( 'Cavalry Training III'!D21 + 'Cavalry Training III'!D50 + 'Cavalry Training III'!D84 + 'Cavalry Training III'!D123 ), 2) & "%" -> 100%
C33: Archer Training III | D33: =SUM('Archer Training III'!F21,'Archer Training III'!F50,'Archer Training III'!F84,'Archer Training III'!F123) -> 52191 | E33: =ROUND(100 * ( COUNT('Archer Training III'!D4:E20) + COUNT('Archer Training III'!D26:E49) + COUNT('Archer Training III'!D55:E83) + COUNT('Archer Training III'!D89:E122) ) / ( 'Archer Training III'!D21 + 'Archer Training III'!D50 + 'Archer Training III'!D84 + 'Archer Training III'!D123 ), 2) & "%" -> 100%
B36: IV | F36: =SUM(D37,D39,D41) -> 209346
C37: Footman Training IV | D37: =SUM('Footman Training IV'!F28,'Footman Training IV'!F62,'Footman Training IV'!F100,'Footman Training IV'!F139) -> 69782 | E37: =ROUND(100 * ( COUNT('Footman Training IV'!D4:E27) + COUNT('Footman Training IV'!D33:E61) + COUNT('Footman Training IV'!D67:E99) + COUNT('Footman Training IV'!D105:E138) ) / ( 'Footman Training IV'!D28 + 'Footman Training IV'!D62 + 'Footman Training IV'!D100 + 'Footman Training IV'!D139 ), 2) & "%" -> 100%
C39: Cavalry Training IV | D39: =SUM('Cavalry Training IV'!F28,'Cavalry Training IV'!F62,'Cavalry Training IV'!F100,'Cavalry Training IV'!F139) -> 69782 | E39: =ROUND(100 * ( COUNT('Cavalry Training IV'!D4:E27) + COUNT('Cavalry Training IV'!D33:E61) + COUNT('Cavalry Training IV'!D67:E99) + COUNT('Cavalry Training IV'!D105:E138) ) / ( 'Cavalry Training IV'!D28 + 'Cavalry Training IV'!D62 + 'Cavalry Training IV'!D100 + 'Cavalry Training IV'!D139 ), 2) & "%" -> 100%
C41: Archer Training IV | D41: =SUM('Archer Training IV'!F28,'Archer Training IV'!F62,'Archer Training IV'!F100,'Archer Training IV'!F139) -> 69782 | E41: =ROUND(100 * ( COUNT('Archer Training IV'!D4:E27) + COUNT('Archer Training IV'!D33:E61) + COUNT('Archer Training IV'!D67:E99) + COUNT('Archer Training IV'!D105:E138) ) / ( 'Archer Training IV'!D28 + 'Archer Training IV'!D62 + 'Archer Training IV'!D100 + 'Archer Training IV'!D139 ), 2) & "%" -> 100%
B44: V | F44: =SUM(D45,D47,D49) -> 215562
C45: Footman Training V | D45: =SUM('Footman Training V'!F18,'Footman Training V'!F47,'Footman Training V'!F81,'Footman Training V'!F119) -> 71854 | E45: =ROUND(100 * ( COUNT('Footman Training V'!D4:E17) + COUNT('Footman Training V'!D23:E46) + COUNT('Footman Training V'!D52:E80) + COUNT('Footman Training V'!D86:E118) ) / ( 'Footman Training V'!D18 + 'Footman Training V'!D47 + 'Footman Training V'!D81 + 'Footman Training V'!D119 ), 2) & "%" -> 100%
C47: Cavalry Training V | D47: =SUM('Cavalry Training V'!F18,'Cavalry Training V'!F47,'Cavalry Training V'!F81,'Cavalry Training V'!F119) -> 71854 | E47: =ROUND(100 * ( COUNT('Cavalry Training V'!D4:E17) + COUNT('Cavalry Training V'!D23:E46) + COUNT('Cavalry Training V'!D52:E80) + COUNT('Cavalry Training V'!D86:E118) ) / ( 'Cavalry Training V'!D18 + 'Cavalry Training V'!D47 + 'Cavalry Training V'!D81 + 'Cavalry Training V'!D119 ), 2) & "%" -> 100%
C49: Archer Training V | D49: =SUM('Archer Training V'!F18,'Archer Training V'!F47,'Archer Training V'!F81,'Archer Training V'!F119) -> 71854 | E49: =ROUND(100 * ( COUNT('Archer Training V'!D4:E17) + COUNT('Archer Training V'!D23:E46) + COUNT('Archer Training V'!D52:E80) + COUNT('Archer Training V'!D86:E118) ) / ( 'Archer Training V'!D18 + 'Archer Training V'!D47 + 'Archer Training V'!D81 + 'Archer Training V'!D119 ), 2) & "%" -> 100%
B52: VI | F52: =SUM(D53,D55,D57) -> 277986
C53: Footman Training VI | D53: =SUM('Footman Training VI'!F21,'Footman Training VI'!F54,'Footman Training VI'!F93,'Footman Training VI'!F132) -> 92662 | E53: =ROUND(100 * ( COUNT('Footman Training VI'!D4:E20) + COUNT('Footman Training VI'!D26:E53) + COUNT('Footman Training VI'!D59:E92) + COUNT('Footman Training VI'!D98:E131) ) / ( 'Footman Training VI'!D21 + 'Footman Training VI'!D54 + 'Footman Training VI'!D93 + 'Footman Training VI'!D132 ), 2) & "%" -> 100%
C55: Cavalry Training VI | D55: =SUM('Cavalry Training VI'!F21,'Cavalry Training VI'!F54,'Cavalry Training VI'!F93,'Cavalry Training VI'!F132) -> 92662 | E55: =ROUND(100 * ( COUNT('Cavalry Training VI'!D4:E20) + COUNT('Cavalry Training VI'!D26:E53) + COUNT('Cavalry Training VI'!D59:E92) + COUNT('Cavalry Training VI'!D98:E131) ) / ( 'Cavalry Training VI'!D21 + 'Cavalry Training VI'!D54 + 'Cavalry Training VI'!D93 + 'Cavalry Training VI'!D132 ), 2) & "%" -> 100%
C57: Archer Training VI | D57: =SUM('Archer Training VI'!F21,'Archer Training VI'!F54,'Archer Training VI'!F93,'Archer Training VI'!F132) -> 92662 | E57: =ROUND(100 * ( COUNT('Archer Training VI'!D4:E20) + COUNT('Archer Training VI'!D26:E53) + COUNT('Archer Training VI'!D59:E92) + COUNT('Archer Training VI'!D98:E131) ) / ( 'Archer Training VI'!D21 + 'Archer Training VI'!D54 + 'Archer Training VI'!D93 + 'Archer Training VI'!D132 ), 2) & "%" -> 100%
B60: VII | F60: =SUM(D61,D63,D65) -> 493383
C61: Footman Training VII | D61: =SUM('Footman Training VII'!F15,'Footman Training VII'!F34,'Footman Training VII'!F56,'Footman Training VII'!F85) -> 164461 | E61: =ROUND(100 * ( COUNT('Footman Training VII'!D4:E14) + COUNT('Footman Training VII'!D20:E33) + COUNT('Footman Training VII'!D39:E55) + COUNT('Footman Training VII'!D61:E84) ) / ( 'Footman Training VII'!D15 + 'Footman Training VII'!D34 + 'Footman Training VII'!D56 + 'Footman Training VII'!D85 ), 2) & "%" -> 100%
C63: Cavalry Training VII | D63: =SUM('Cavalry Training VII'!F15,'Cavalry Training VII'!F34,'Cavalry Training VII'!F56,'Cavalry Training VII'!F85) -> 164461 | E63: =ROUND(100 * ( COUNT('Cavalry Training VII'!D4:E14) + COUNT('Cavalry Training VII'!D20:E33) + COUNT('Cavalry Training VII'!D39:E55) + COUNT('Cavalry Training VII'!D61:E84) ) / ( 'Cavalry Training VII'!D15 + 'Cavalry Training VII'!D34 + 'Cavalry Training VII'!D56 + 'Cavalry Training VII'!D85 ), 2) & "%" -> 100%
C65: Archer Training VII | D65: =SUM('Archer Training VII'!F15,'Archer Training VII'!F34,'Archer Training VII'!F56,'Archer Training VII'!F85) -> 164461 | E65: =ROUND(100 * ( COUNT('Archer Training VII'!D4:E14) + COUNT('Archer Training VII'!D20:E33) + COUNT('Archer Training VII'!D39:E55) + COUNT('Archer Training VII'!D61:E84) ) / ( 'Archer Training VII'!D15 + 'Archer Training VII'!D34 + 'Archer Training VII'!D56 + 'Archer Training VII'!D85 ), 2) & "%" -> 100%
B68: VIII | F68: =SUM(D69,D71,D73) -> 690744
C69: Footman Training VIII | D69: =SUM('Footman Training VIII'!F18,'Footman Training VIII'!F41,'Footman Training VIII'!F69,'Footman Training VIII'!F102) -> 230248 | E69: =ROUND(100 * ( COUNT('Footman Training VIII'!D4:E17) + COUNT('Footman Training VIII'!D23:E40) + COUNT('Footman Training VIII'!D46:E68) + COUNT('Footman Training VIII'!D74:E101) ) / ( 'Footman Training VIII'!D18 + 'Footman Training VIII'!D41 + 'Footman Training VIII'!D69 + 'Footman Training VIII'!D102 ), 2) & "%" -> 100%
C71: Cavalry Training VIII | D71: =SUM('Cavalry Training VIII'!F18,'Cavalry Training VIII'!F41,'Cavalry Training VIII'!F69,'Cavalry Training VIII'!F102) -> 230248 | E71: =ROUND(100 * ( COUNT('Cavalry Training VIII'!D4:E17) + COUNT('Cavalry Training VIII'!D23:E40) + COUNT('Cavalry Training VIII'!D46:E68) + COUNT('Cavalry Training VIII'!D74:E101) ) / ( 'Cavalry Training VIII'!D18 + 'Cavalry Training VIII'!D41 + 'Cavalry Training VIII'!D69 + 'Cavalry Training VIII'!D102 ), 2) & "%" -> 100%
C73: Archer Training VIII | D73: =SUM('Archer Training VIII'!F18,'Archer Training VIII'!F41,'Archer Training VIII'!F69,'Archer Training VIII'!F102) -> 230248 | E73: =ROUND(100 * ( COUNT('Archer Training VIII'!D4:E17) + COUNT('Archer Training VIII'!D23:E40) + COUNT('Archer Training VIII'!D46:E68) + COUNT('Archer Training VIII'!D74:E101) ) / ( 'Archer Training VIII'!D18 + 'Archer Training VIII'!D41 + 'Archer Training VIII'!D69 + 'Archer Training VIII'!D102 ), 2) & "%" -> 100%
B76: IX | F76: =SUM(D77,D79,D81) -> 965978
C77: Footman Training IX | D77: =SUM('Footman Training IX'!F18,'Footman Training IX'!F41,'Footman Training IX'!F71,'Footman Training IX'!F98) -> 321993 | E77: =ROUND(100 * ( COUNT('Footman Training IX'!D4:E17) + COUNT('Footman Training IX'!D23:E40) + COUNT('Footman Training IX'!D46:E70) + COUNT('Footman Training IX'!D76:E97) ) / ( 'Footman Training IX'!D18 + 'Footman Training IX'!D41 + 'Footman Training IX'!D71 + 'Footman Training IX'!D98 ), 2) & "%" -> 100%
C79: Cavalry Training IX | D79: =SUM('Cavalry Training IX'!F18,'Cavalry Training IX'!F41,'Cavalry Training IX'!F71,'Cavalry Training IX'!F98) -> 321993 | E79: =ROUND(100 * ( COUNT('Cavalry Training IX'!D4:E17) + COUNT('Cavalry Training IX'!D23:E40) + COUNT('Cavalry Training IX'!D46:E70) + COUNT('Cavalry Training IX'!D76:E97) ) / ( 'Cavalry Training IX'!D18 + 'Cavalry Training IX'!D41 + 'Cavalry Training IX'!D71 + 'Cavalry Training IX'!D98 ), 2) & "%" -> 100%
C81: Archer Training IX | D81: =SUM('Archer Training IX'!F18,'Archer Training IX'!F41,'Archer Training IX'!F71,'Archer Training IX'!F98) -> 321992 | E81: =ROUND(100 * ( COUNT('Archer Training IX'!D4:E17) + COUNT('Archer Training IX'!D23:E40) + COUNT('Archer Training IX'!D46:E70) + COUNT('Archer Training IX'!D76:E97) ) / ( 'Archer Training IX'!D18 + 'Archer Training IX'!D41 + 'Archer Training IX'!D71 + 'Archer Training IX'!D98 ), 2) & "%" -> 100%
B84: X | F84: =SUM(D85,D87,D89) -> 1020021
C85: Footman Training X | D85: =SUM('Footman Training X'!F20,'Footman Training X'!F45,'Footman Training X'!F84,'Footman Training X'!F120) -> 340007 | E85: =ROUND(100 * ( COUNT('Footman Training X'!D4:E19) + COUNT('Footman Training X'!D25:E44) + COUNT('Footman Training X'!D50:E83) + COUNT('Footman Training X'!D89:E119) ) / ( 'Footman Training X'!D20 + 'Footman Training X'!D45 + 'Footman Training X'!D84 + 'Footman Training X'!D120 ), 2) & "%" -> 100%
C87: Cavalry Training X | D87: =SUM('Cavalry Training X'!F20,'Cavalry Training X'!F45,'Cavalry Training X'!F84,'Cavalry Training X'!F120) -> 340007 | E87: =ROUND(100 * ( COUNT('Cavalry Training X'!D4:E19) + COUNT('Cavalry Training X'!D25:E44) + COUNT('Cavalry Training X'!D50:E83) + COUNT('Cavalry Training X'!D89:E119) ) / ( 'Cavalry Training X'!D20 + 'Cavalry Training X'!D45 + 'Cavalry Training X'!D84 + 'Cavalry Training X'!D120 ), 2) & "%" -> 100%
C89: Archer Training X | D89: =SUM('Archer Training X'!F20,'Archer Training X'!F45,'Archer Training X'!F84,'Archer Training X'!F120) -> 340007 | E89: =ROUND(100 * ( COUNT('Archer Training X'!D4:E19) + COUNT('Archer Training X'!D25:E44) + COUNT('Archer Training X'!D50:E83) + COUNT('Archer Training X'!D89:E119) ) / ( 'Archer Training X'!D20 + 'Archer Training X'!D45 + 'Archer Training X'!D84 + 'Archer Training X'!D120 ), 2) & "%" -> 100%
B92: Total | F92: =SUM(D93,D95,D97) -> 4156916
C93: Footman | D93: =SUM(D13,D21,D29,D37,D45,D53,D61,D69,D77,D85) -> 1385639
C95: Cavalry | D95: =SUM(D15,D23,D31,D39,D47,D55,D63,D71,D79,D87) -> 1385639
C97: Archers | D97: =SUM(D17,D25,D33,D41,D49,D57,D65,D73,D81,D89) -> 1385638

Sheet Footman Training I
A1: Footman Training I
B3: Skill | C3: BUFF | D3: Level 1 | E3: Level 2 | F3: TOTAL | G3: Progress Tracker
A4: 1 | B4: Courage | C4: For squads with Footmen, Might increased by 1% | D4: 73 | F4: =SUM(D4:E4) -> 73 | G4: =F4 -> 73
A5: 2 | B5: Revival | C5: For squads with Footmen, HP increased by 1% | D5: 76 | F5: =SUM(D5:E5) -> 76 | G5: =G4+F5 -> 149
A6: 3 | B6: Courage | C6: For squads with Footmen, Might increased by 1% | D6: 80 | F6: =SUM(D6:E6) -> 80 | G6: =G5+F6 -> 229
A7: 4 | B7: Defense | C7: For squads with Footmen, Resistance increased by 1% | D7: 84 | F7: =SUM(D7:E7) -> 84 | G7: =G6+F7 -> 313
A8: 5 | B8: Frenzy Fighter | C8: Footman's Base Might increased by 2% | D8: 151 | E8: 158 | F8: =SUM(D8:E8) -> 309 | G8: =G7+F8 -> 622
A9: 6 | B9: Defense | C9: For squads with Footmen, Resistance increased by 1% | D9: 93 | F9: =SUM(D9:E9) -> 93 | G9: =G8+F9 -> 715
A10: 7 | B10: Courage | C10: For squads with Footmen, Might increased by 1% | D10: 98 | F10: =SUM(D10:E10) -> 98 | G10: =G9+F10 -> 813
A11: 8 | B11: Revival | C11: For squads with Footmen, HP increased by 1% | D11: 103 | F11: =SUM(D11:E11) -> 103 | G11: =G10+F11 -> 916
A12: 9 | B12: Defense | C12: For squads with Footmen, Resistance increased by 1% | D12: 108 | F12: =SUM(D12:E12) -> 108 | G12: =G11+F12 -> 1024
A13: 10 | B13: Revival | C13: For squads with Footmen, HP increased by 1% | D13: 113 | F13: =SUM(D13:E13) -> 113 | G13: =G12+F13 -> 1137
A14: 11 | B14: Defense in Danger | C14: For every 25% troop power loss, 50% chance to increase your Resistance by +50%, lasting 2 rounds | D14: 537 | F14: =SUM(D14:E14) -> 537 | G14: =G13+F14 -> 1674
D15: 12 | F15: =SUM(F4:F14) -> 1674 | G15: =G14 -> 1674
A17: Encounter Battle I
B19: Skill | C19: BUFF | D19: Level 1 | E19: Level 2 | F19: TOTAL | G19: Progress Tracker
A20: 1 | B20: Extermination | C20: Footman's Resistance in non-siege battles increased by 1% | D20: 112 | F20: =SUM(D20:E20) -> 112 | G20: =F20 -> 112
A21: 2 | B21: Raid | C21: Footman's Might in non-siege battles increased by 1% | D21: 112 | F21: =SUM(D21:E21) -> 112 | G21: =G20+F21 -> 224
A22: 3 | B22: Survival in the Wild | C22: Footman's HP in non-siege battles increased by 6% | D22: 200 | E22: 210 | F22: =SUM(D22:E22) -> 410 | G22: =G21+F22 -> 634
A23: 4 | B23: Extermination | C23: Footman's Resistance in non-siege battles increased by 1% | D23: 124 | F23: =SUM(D23:E23) -> 124 | G23: =G22+F23 -> 758
A24: 5 | B24: Extermination | C24: Footman's Resistance in non-siege battles increased by 1% | D24: 130 | F24: =SUM(D24:E24) -> 130 | G24: =G23+F24 -> 888
A25: 6 | B25: Ambush in the Wild | C25: Footman's Tactical Might in non-siege battles increased by 1% | D25: 136 | F25: =SUM(D25:E25) -> 136 | G25: =G24+F25 -> 1024
A26: 7 | B26: Extermination | C26: Footman's Resistance in non-siege battles increased by 1% | D26: 143 | F26: =SUM(D26:E26) -> 143 | G26: =G25+F26 -> 1167
A27: 8 | B27: Extermination | C27: Footman's Resistance in non-siege battles increased by 1% | D27: 150 | F27: =SUM(D27:E27) -> 150 | G27: =G26+F27 -> 1317
A28: 9 | B28: Raid | C28: Footman's Might in non-siege battles increased by 1% | D28: 124 | F28: =SUM(D28:E28) -> 124 | G28: =G27+F28 -> 1441
A29: 10 | B29: Raid | C29: Footman's Might in non-siege battles increased by 1% | D29: 130 | F29: =SUM(D29:E29) -> 130 | G29: =G28+F29 -> 1571
A30: 11 | B30: Field Intel | C30: Footman's Tactical Resistance in non-siege battles increased by 1% | D30: 136 | F30: =SUM(D30:E30) -> 136 | G30: =G29+F30 -> 1707
A31: 12 | B31: Raid | C31: Footman's Might in non-siege battles increased by 1% | D31: 143 | F31: =SUM(D31:E31) -> 143 | G31: =G30+F31 -> 1850
A32: 13 | B32: Raid | C32: Footman's Might in non-siege battles increased by 1% | D32: 150 | F32: =SUM(D32:E32) -> 150 | G32: =G31+F32 -> 2000
A33: 14 | B33: Marching | C33: For squads with Footmen, Marching Speed increased by 5 | D33: 712 | F33: =SUM(D33:E33) -> 712 | G33: =G32+F33 -> 2712
D34: 15 | F34: =SUM(F20:F33) -> 2712 | G34: =G33 -> 2712
A36: Call of Glory I
B38: Skill | C38: BUFF | D38: Level 1 | E38: Level 2 | F38: TOTAL | G38: Progress Tracker
A39: 1 | B39: Charge | C39: In Reign of Chaos seasons, Footman's Might increased by 1% | D39: 157 | F39: =SUM(D39:E39) -> 157 | G39: =F39 -> 157
A40: 2 | B40: Charge | C40: In Reign of Chaos seasons, Footman's Might increased by 1% | D40: 165 | F40: =SUM(D40:E40) -> 165 | G40: =G39+F40 -> 322
A41: 3 | B41: Charge | C41: In Reign of Chaos seasons, Footman's Might increased by 1% | D41: 173 | F41: =SUM(D41:E41) -> 173 | G41: =G40+F41 -> 495
A42: 4 | B42: Cooperation | C42: When joining rally attacks, Footmen Might increased by 1% | D42: 182 | F42: =SUM(D42:E42) -> 182 | G42: =G41+F42 -> 677
A43: 5 | B43: Stronghold | C43: In Reign of Chaos seasons, Footman's Resistance increased by 1% | D43: 157 | F43: =SUM(D43:E43) -> 157 | G43: =G42+F43 -> 834
A44: 6 | B44: Stronghold | C44: In Reign of Chaos seasons, Footman's Resistance increased by 1% | D44: 165 | F44: =SUM(D44:E44) -> 165 | G44: =G43+F44 -> 999
A45: 7 | B45: Stronghold | C45: In Reign of Chaos seasons, Footman's Resistance increased by 1% | D45: 173 | F45: =SUM(D45:E45) -> 173 | G45: =G44+F45 -> 1172
A46: 8 | B46: Revival in Chaos | C46: In Reign of Chaos seasons, Footman's HP increased by 6% | D46: 309 | E46: 325 | F46: =SUM(D46:E46) -> 634 | G46: =G45+F46 -> 1806
A47: 9 | B47: March | C47: After entering the battlefield, Footman's Might increased by 1% | D47: 157 | F47: =SUM(D47:E47) -> 157 | G47: =G46+F47 -> 1963
A48: 10 | B48: March | C48: After entering the battlefield, Footman's Might increased by 1% | D48: 165 | F48: =SUM(D48:E48) -> 165 | G48: =G47+F48 -> 2128
A49: 11 | B49: March | C49: After entering the battlefield, Footman's Might increased by 1% | D49: 173 | F49: =SUM(D49:E49) -> 173 | G49: =G48+F49 -> 2301
A50: 12 | B50: Solidarity | C50: When joining rally attacks, Footman's Resistance increased by 1% | D50: 182 | F50: =SUM(D50:E50) -> 182 | G50: =G49+F50 -> 2483
A51: 13 | B51: Vanguard's Blessing I | C51: In round 4, the number of Footman squads of the Legion *8%) chance to magnify the restoring effect of your front-row Footman squad by 10$ for 1 round | D51: 860 | F51: =SUM(D51:E51) -> 860 | G51: =G50+F51 -> 3343
A52: 14 | B52: Unyielding | C52: After entering the battlefield, Footman's Resistance increased by 3% | D52: 157 | F52: =SUM(D52:E52) -> 157 | G52: =G51+F52 -> 3500
A53: 15 | B53: Unyielding | C53: After entering the battlefield, Footman's Resistance increased by 3% | D53: 165 | F53: =SUM(D53:E53) -> 165 | G53: =G52+F53 -> 3665
A54: 16 | B54: Unyielding | C54: After entering the battlefield, Footman's Resistance increased by 3% | D54: 173 | F54: =SUM(D54:E54) -> 173 | G54: =G53+F54 -> 3838
A55: 17 | B55: Battlefield Revival | C55: After entering the battlefield, Footman's HP increased by 6% | D55: 309 | E55: 325 | F55: =SUM(D55:E55) -> 634 | G55: =G54+F55 -> 4472
D56: 19 | F56: =SUM(F39:F55) -> 4472 | G56: =G55 -> 4472
A58: Enhanced Tactics I
B60: Skill | C60: BUFF | D60: Level 1 | E60: Level 2 | F60: TOTAL | G60: Progress Tracker
A61: 1 | B61: Siege Plan | C61: In siege attacks, Footman's Tactical Might increased by 1% | D61: 173 | F61: =SUM(D61:E61) -> 173 | G61: =F61 -> 173
A62: 2 | B62: Siege Plan | C62: In siege attacks, Footman's Tactical Might increased by 1% | D62: 182 | F62: =SUM(D62:E62) -> 182 | G62: =G61+F62 -> 355
A63: 3 | B63: Siege Plan | C63: In siege attacks, Footman's Tactical Might increased by 1% | D63: 191 | F63: =SUM(D63:E63) -> 191 | G63: =G62+F63 -> 546
A64: 4 | B64: Cooperation | C64: When joining rally attacks, Footmen Might increased by 1% | D64: 201 | F64: =SUM(D64:E64) -> 201 | G64: =G63+F64 -> 747
A65: 5 | B65: Siege Intel | C65: In siege attacks, Footman's Tactical Resistance increased by 1% | D65: 211 | F65: =SUM(D65:E65) -> 211 | G65: =G64+F65 -> 958
A66: 6 | B66: Siege Intel | C66: In siege attacks, Footman's Tactical Resistance increased by 1% | D66: 222 | F66: =SUM(D66:E66) -> 222 | G66: =G65+F66 -> 1180
A67: 7 | B67: Ambush in the Wild | C67: Footman's Tactical Might in non-siege battles increased by 1% | D67: 233 | F67: =SUM(D67:E67) -> 233 | G67: =G66+F67 -> 1413
A68: 8 | B68: Ambush in the Wild | C68: Footman's Tactical Might in non-siege battles increased by 1% | D68: 244 | F68: =SUM(D68:E68) -> 244 | G68: =G67+F68 -> 1657
A69: 9 | B69: Ambush in the Wild | C69: Footman's Tactical Might in non-siege battles increased by 1% | D69: 257 | F69: =SUM(D69:E69) -> 257 | G69: =G68+F69 -> 1914
A70: 10 | B70: Siege Intel | C70: In siege attacks, Footman's Tactical Resistance increased by 1% | D70: 222 | F70: =SUM(D70:E70) -> 222 | G70: =G69+F70 -> 2136
A71: 11 | B71: Defense Plan | C71: In siege defense, Footman's Tactical Might increased by 1% | D71: 173 | F71: =SUM(D71:E71) -> 173 | G71: =G70+F71 -> 2309
A72: 12 | B72: Defense Plan | C72: In siege defense, Footman's Tactical Might increased by 1% | D72: 182 | F72: =SUM(D72:E72) -> 182 | G72: =G71+F72 -> 2491
A73: 13 | B73: Defense Plan | C73: In siege defense, Footman's Tactical Might increased by 1% | D73: 191 | F73: =SUM(D73:E73) -> 191 | G73: =G72+F73 -> 2682
... A83: 23 | B83: Field Intel | C83: Footman's Tactical Resistance in non-siege battles increased by 1% | D83: 257 | F83: =SUM(D83:E83) -> 257 | G83: =G82+F83 -> 5850
A84: 24 | B84: Revival | C84: For squads with Footmen, HP increased by 6% | D84: 458 | E84: 481 | F84: =SUM(D84:E84) -> 939 | G84: =G83+F84 -> 6789
D85: 25 | F85: =SUM(F61:F84) -> 6789 | G85: =G84 -> 6789

Sheet Cavalry Training I
A1: Cavalry Training I
B3: Skill | C3: BUFF | D3: Level 1 | E3: Level 2 | F3: TOTAL | G3: Progress Tracker
A4: 1 | B4: Courage | C4: For squads with Cavalry, Might increased by 1% | D4: 73 | F4: =SUM(D4:E4) -> 73 | G4: =F4 -> 73
A5: 2 | B5: Revival | C5: For squads with Cavalry, HP increased by 1% | D5: 76 | F5: =SUM(D5:E5) -> 76 | G5: =G4+F5 -> 149
A6: 3 | B6: Courage | C6: For squads with Cavalry, Might increased by 1% | D6: 80 | F6: =SUM(D6:E6) -> 80 | G6: =G5+F6 -> 229
A7: 4 | B7: Defense | C7: For squads with Cavalry, Resistance increased by 1% | D7: 84 | F7: =SUM(D7:E7) -> 84 | G7: =G6+F7 -> 313
A8: 5 | B8: Frenzy Fighter | C8: Cavalry's Base Might increased by 2% | D8: 151 | E8: 158 | F8: =SUM(D8:E8) -> 309 | G8: =G7+F8 -> 622
A9: 6 | B9: Defense | C9: For squads with Cavalry, Resistance increased by 1% | D9: 93 | F9: =SUM(D9:E9) -> 93 | G9: =G8+F9 -> 715
A10: 7 | B10: Courage | C10: For squads with Cavalry, Might increased by 1% | D10: 98 | F10: =SUM(D10:E10) -> 98 | G10: =G9+F10 -> 813
A11: 8 | B11: Revival | C11: For squads with Cavalry, HP increased by 1% | D11: 103 | F11: =SUM(D11:E11) -> 103 | G11: =G10+F11 -> 916
A12: 9 | B12: Defense | C12: For squads with Cavalry, Resistance increased by 1% | D12: 108 | F12: =SUM(D12:E12) -> 108 | G12: =G11+F12 -> 1024
A13: 10 | B13: Revival | C13: For squads with Cavalry, HP increased by 1% | D13: 113 | F13: =SUM(D13:E13) -> 113 | G13: =G12+F13 -> 1137
A14: 11 | B14: Faltering | C14: For every 25% troop power loss, 50% chance to steal 25% Might from 1 random enemy squads, lasting 2 rounds | D14: 537 | F14: =SUM(D14:E14) -> 537 | G14: =G13+F14 -> 1674
D15: 12 | F15: =SUM(F4:F14) -> 1674 | G15: =G14 -> 1674
A17: Encounter Battle I
B19: Skill | C19: BUFF | D19: Level 1 | E19: Level 2 | F19: TOTAL | G19: Progress Tracker
A20: 1 | B20: Raid | C20: Cavalry Might in non-siege battles increased by 1% | D20: 112 | F20: =SUM(D20:E20) -> 112 | G20: =F20 -> 112
A21: 2 | B21: Extermination | C21: Cavalry's Resistance in non-siege battles increased by 1% | D21: 112 | F21: =SUM(D21:E21) -> 112 | G21: =G20+F21 -> 224
A22: 3 | B22: Survival in the Wild | C22: Cavalry's HP in non-siege battles increased by 6% | D22: 200 | E22: 210 | F22: =SUM(D22:E22) -> 410 | G22: =G21+F22 -> 634
A23: 4 | B23: Raid | C23: Cavalry Might in non-siege battles increased by 1% | D23: 124 | F23: =SUM(D23:E23) -> 124 | G23: =G22+F23 -> 758
A24: 5 | B24: Raid | C24: Cavalry Might in non-siege battles increased by 1% | D24: 130 | F24: =SUM(D24:E24) -> 130 | G24: =G23+F24 -> 888
A25: 6 | B25: Field Intel | C25: Cavalry's Tactical Resistance in non-siege battles increased by 1% | D25: 136 | F25: =SUM(D25:E25) -> 136 | G25: =G24+F25 -> 1024
A26: 7 | B26: Raid | C26: Cavalry Might in non-siege battles increased by 1% | D26: 143 | F26: =SUM(D26:E26) -> 143 | G26: =G25+F26 -> 1167
A27: 8 | B27: Raid | C27: Cavalry Might in non-siege battles increased by 1% | D27: 150 | F27: =SUM(D27:E27) -> 150 | G27: =G26+F27 -> 1317
A28: 9 | B28: Extermination | C28: Cavalry's Resistance in non-siege battles increased by 1% | D28: 124 | F28: =SUM(D28:E28) -> 124 | G28: =G27+F28 -> 1441
A29: 10 | B29: Extermination | C29: Cavalry's Resistance in non-siege battles increased by 1% | D29: 130 | F29: =SUM(D29:E29) -> 130 | G29: =G28+F29 -> 1571
A30: 11 | B30: Ambush in the Wild | C30: Cavalry Tactical Might in non-siege battles increased by 1% | D30: 136 | F30: =SUM(D30:E30) -> 136 | G30: =G29+F30 -> 1707
A31: 12 | B31: Extermination | C31: Cavalry's Resistance in non-siege battles increased by 1% | D31: 143 | F31: =SUM(D31:E31) -> 143 | G31: =G30+F31 -> 1850
A32: 13 | B32: Extermination | C32: Cavalry's Resistance in non-siege battles increased by 1% | D32: 150 | F32: =SUM(D32:E32) -> 150 | G32: =G31+F32 -> 2000
A33: 14 | B33: Movement in Unison | C33: When all are Cavalry, Cavalry's Combat Speed increased by 10 | D33: 712 | F33: =SUM(D33:E33) -> 712 | G33: =G32+F33 -> 2712
D34: 15 | F34: =SUM(F20:F33) -> 2712 | G34: =G33 -> 2712
A36: Call of Glory I
B38: Skill | C38: BUFF | D38: Level 1 | E38: Level 2 | F38: TOTAL | G38: Progress Tracker
A39: 1 | B39: March | C39: After entering the battlefield, Cavalry Might increased by 1% | D39: 157 | F39: =SUM(D39:E39) -> 157 | G39: =F39 -> 157
A40: 2 | B40: March | C40: After entering the battlefield, Cavalry Might increased by 1% | D40: 165 | F40: =SUM(D40:E40) -> 165 | G40: =G39+F40 -> 322
A41: 3 | B41: March | C41: After entering the battlefield, Cavalry Might increased by 1% | D41: 173 | F41: =SUM(D41:E41) -> 173 | G41: =G40+F41 -> 495
A42: 4 | B42: Solidarity | C42: When joining rally attacks, Cavalry's Resistance increased by 1% | D42: 182 | F42: =SUM(D42:E42) -> 182 | G42: =G41+F42 -> 677
A43: 5 | B43: Unyielding | C43: After entering the battlefield, Cavalry's Resistance increased by 3% | D43: 157 | F43: =SUM(D43:E43) -> 157 | G43: =G42+F43 -> 834
A44: 6 | B44: Unyielding | C44: After entering the battlefield, Cavalry's Resistance increased by 3% | D44: 165 | F44: =SUM(D44:E44) -> 165 | G44: =G43+F44 -> 999
A45: 7 | B45: Unyielding | C45: After entering the battlefield, Cavalry's Resistance increased by 3% | D45: 173 | F45: =SUM(D45:E45) -> 173 | G45: =G44+F45 -> 1172
A46: 8 | B46: Battlefield Revival | C46: After entering the battlefield, Cavalry HP increased by 6% | D46: 309 | E46: 325 | F46: =SUM(D46:E46) -> 634 | G46: =G45+F46 -> 1806
A47: 9 | B47: Charge | C47: In Reign of Chaos seasons, Cavalry Might increased by 1% | D47: 157 | F47: =SUM(D47:E47) -> 157 | G47: =G46+F47 -> 1963
A48: 10 | B48: Charge | C48: In Reign of Chaos seasons, Cavalry Might increased by 1% | D48: 165 | F48: =SUM(D48:E48) -> 165 | G48: =G47+F48 -> 2128
A49: 11 | B49: Charge | C49: In Reign of Chaos seasons, Cavalry Might increased by 1% | D49: 173 | F49: =SUM(D49:E49) -> 173 | G49: =G48+F49 -> 2301
A50: 12 | B50: Cooperation | C50: When joining rally attacks, Cavalry Might increased by 1% | D50: 182 | F50: =SUM(D50:E50) -> 182 | G50: =G49+F50 -> 2483
A51: 13 | B51: Restart I | C51: In round 6, (the number of Cavalry squads of the legion *8%) chance to remove the debuff on your back-row Cavalry squad instantly (excluding the debuffs from Pre-Battle skills) | D51: 860 | F51: =SUM(D51:E51) -> 860 | G51: =G50+F51 -> 3343
A52: 14 | B52: Stronghold | C52: In Reign of Chaos seasons, Cavalry's Resistance increased by 1% | D52: 157 | F52: =SUM(D52:E52) -> 157 | G52: =G51+F52 -> 3500
A53: 15 | B53: Stronghold | C53: In Reign of Chaos seasons, Cavalry's Resistance increased by 1% | D53: 165 | F53: =SUM(D53:E53) -> 165 | G53: =G52+F53 -> 3665
A54: 16 | B54: Stronghold | C54: In Reign of Chaos seasons, Cavalry's Resistance increased by 1% | D54: 173 | F54: =SUM(D54:E54) -> 173 | G54: =G53+F54 -> 3838
A55: 17 | B55: Revival in Chaos | C55: In Reign of Chaos seasons, Cavalry's HP increased by 6% | D55: 309 | E55: 325 | F55: =SUM(D55:E55) -> 634 | G55: =G54+F55 -> 4472
D56: 19 | F56: =SUM(F39:F55) -> 4472 | G56: =G55 -> 4472
A58: Enhanced Tactics I
B60: Skill | C60: BUFF | D60: Level 1 | E60: Level 2 | F60: TOTAL | G60: Progress Tracker
A61: 1 | B61: Defense Plan | C61: In siege defense, Cavalry's Tactical Might increased by 1% | D61: 173 | F61: =SUM(D61:E61) -> 173 | G61: =F61 -> 173
A62: 2 | B62: Defense Plan | C62: In siege defense, Cavalry's Tactical Might increased by 1% | D62: 182 | F62: =SUM(D62:E62) -> 182 | G62: =G61+F62 -> 355
A63: 3 | B63: Defense Plan | C63: In siege defense, Cavalry's Tactical Might increased by 1% | D63: 191 | F63: =SUM(D63:E63) -> 191 | G63: =G62+F63 -> 546
A64: 4 | B64: Solidarity | C64: When joining rally attacks, Cavalry's Resistance increased by 1% | D64: 201 | F64: =SUM(D64:E64) -> 201 | G64: =G63+F64 -> 747
A65: 5 | B65: Defense Intel | C65: In siege defense, Cavalry's Tactical Resistance increased by 1% | D65: 211 | F65: =SUM(D65:E65) -> 211 | G65: =G64+F65 -> 958
A66: 6 | B66: Defense Intel | C66: In siege defense, Cavalry's Tactical Resistance increased by 1% | D66: 222 | F66: =SUM(D66:E66) -> 222 | G66: =G65+F66 -> 1180
A67: 7 | B67: Field Intel | C67: Cavalry's Tactical Resistance in non-siege battles increased by 1% | D67: 233 | F67: =SUM(D67:E67) -> 233 | G67: =G66+F67 -> 1413
A68: 8 | B68: Field Intel | C68: Cavalry's Tactical Resistance in non-siege battles increased by 1% | D68: 244 | F68: =SUM(D68:E68) -> 244 | G68: =G67+F68 -> 1657
A69: 9 | B69: Field Intel | C69: Cavalry's Tactical Resistance in non-siege battles increased by 1% | D69: 257 | F69: =SUM(D69:E69) -> 257 | G69: =G68+F69 -> 1914
A70: 10 | B70: Defense Intel | C70: In siege defense, Cavalry's Tactical Resistance increased by 1% | D70: 222 | F70: =SUM(D70:E70) -> 222 | G70: =G69+F70 -> 2136
A71: 11 | B71: Siege Plan | C71: In siege attacks, Cavalry's Tactical Might increased by 1% | D71: 173 | F71: =SUM(D71:E71) -> 173 | G71: =G70+F71 -> 2309
A72: 12 | B72: Siege Plan | C72: In siege attacks, Cavalry's Tactical Might increased by 1% | D72: 182 | F72: =SUM(D72:E72) -> 182 | G72: =G71+F72 -> 2491
A73: 13 | B73: Siege Plan | C73: In siege attacks, Cavalry's Tactical Might increased by 1% | D73: 191 | F73: =SUM(D73:E73) -> 191 | G73: =G72+F73 -> 2682
... A83: 23 | B83: Ambush in the Wild | C83: Cavalry Tactical Might in non-siege battles increased by 1% | D83: 257 | F83: =SUM(D83:E83) -> 257 | G83: =G82+F83 -> 5850
A84: 24 | B84: Revival | C84: For squads with Cavalry, HP increased by 6% | D84: 458 | E84: 481 | F84: =SUM(D84:E84) -> 939 | G84: =G83+F84 -> 6789
D85: 25 | F85: =SUM(F61:F84) -> 6789 | G85: =G84 -> 6789

Sheet Archer Training I
A1: Archer Training I
B3: Skill | C3: BUFF | D3: Level 1 | E3: Level 2 | F3: TOTAL | G3: Progress Tracker
A4: 1 | B4: Courage | C4: For squads with Archers, Might increased by 1% | D4: 73 | F4: =SUM(D4:E4) -> 73 | G4: =F4 -> 73
A5: 2 | B5: Revival | C5: For squads with Archers, HP increased by 1% | D5: 76 | F5: =SUM(D5:E5) -> 76 | G5: =G4+F5 -> 149
A6: 3 | B6: Courage | C6: For squads with Archers, Might increased by 1% | D6: 80 | F6: =SUM(D6:E6) -> 80 | G6: =G5+F6 -> 229
A7: 4 | B7: Defense | C7: For squads with Archers, Resistance increased by 1% | D7: 84 | F7: =SUM(D7:E7) -> 84 | G7: =G6+F7 -> 313
A8: 5 | B8: Frenzy Fighter | C8: Archer's Base Might increased by 2% | D8: 151 | E8: 158 | F8: =SUM(D8:E8) -> 309 | G8: =G7+F8 -> 622
A9: 6 | B9: Defense | C9: For squads with Archers, Resistance increased by 1% | D9: 93 | F9: =SUM(D9:E9) -> 93 | G9: =G8+F9 -> 715
A10: 7 | B10: Courage | C10: For squads with Archers, Might increased by 1% | D10: 98 | F10: =SUM(D10:E10) -> 98 | G10: =G9+F10 -> 813
A11: 8 | B11: Revival | C11: For squads with Archers, HP increased by 1% | D11: 103 | F11: =SUM(D11:E11) -> 103 | G11: =G10+F11 -> 916
A12: 9 | B12: Defense | C12: For squads with Archers, Resistance increased by 1% | D12: 108 | F12: =SUM(D12:E12) -> 108 | G12: =G11+F12 -> 1024
A13: 10 | B13: Revival | C13: For squads with Archers, HP increased by 1% | D13: 113 | F13: =SUM(D13:E13) -> 113 | G13: =G12+F13 -> 1137
A14: 11 | B14: Attack with Courage | C14: For every 25% troop power loss, 50% chance to increase your Might by 50%, lasting 2 rounds | D14: 537 | F14: =SUM(D14:E14) -> 537 | G14: =G13+F14 -> 1674
D15: 12 | F15: =SUM(F4:F14) -> 1674 | G15: =G14 -> 1674
A17: Encounter Battle I
B19: Skill | C19: BUFF | D19: Level 1 | E19: Level 2 | F19: TOTAL | G19: Progress Tracker
A20: 1 | B20: Extermination | C20: Archer's Resistance in non-siege battles increased by 1% | D20: 112 | F20: =SUM(D20:E20) -> 112 | G20: =F20 -> 112
A21: 2 | B21: Raid | C21: Archer's Might in non-siege battles increased by 1% | D21: 112 | F21: =SUM(D21:E21) -> 112 | G21: =G20+F21 -> 224
A22: 3 | B22: Survival in the Wild | C22: Archer's HP in non-siege battles increased by 6% | D22: 200 | E22: 210 | F22: =SUM(D22:E22) -> 410 | G22: =G21+F22 -> 634
A23: 4 | B23: Extermination | C23: Archer's Resistance in non-siege battles increased by 1% | D23: 124 | F23: =SUM(D23:E23) -> 124 | G23: =G22+F23 -> 758
A24: 5 | B24: Extermination | C24: Archer's Resistance in non-siege battles increased by 1% | D24: 130 | F24: =SUM(D24:E24) -> 130 | G24: =G23+F24 -> 888
A25: 6 | B25: Ambush in the Wild | C25: Archer's Tactical Might in non-siege battles increased by 1% | D25: 136 | F25: =SUM(D25:E25) -> 136 | G25: =G24+F25 -> 1024
A26: 7 | B26: Extermination | C26: Archer's Resistance in non-siege battles increased by 1% | D26: 143 | F26: =SUM(D26:E26) -> 143 | G26: =G25+F26 -> 1167
A27: 8 | B27: Extermination | C27: Archer's Resistance in non-siege battles increased by 1% | D27: 150 | F27: =SUM(D27:E27) -> 150 | G27: =G26+F27 -> 1317
A28: 9 | B28: Raid | C28: Archer's Might in non-siege battles increased by 1% | D28: 124 | F28: =SUM(D28:E28) -> 124 | G28: =G27+F28 -> 1441
A29: 10 | B29: Raid | C29: Archer's Might in non-siege battles increased by 1% | D29: 130 | F29: =SUM(D29:E29) -> 130 | G29: =G28+F29 -> 1571
A30: 11 | B30: Field Intel | C30: Archer's Tactical Resistance in non-siege battles increased by 1% | D30: 136 | F30: =SUM(D30:E30) -> 136 | G30: =G29+F30 -> 1707
A31: 12 | B31: Raid | C31: Archer's Might in non-siege battles increased by 1% | D31: 143 | F31: =SUM(D31:E31) -> 143 | G31: =G30+F31 -> 1850
A32: 13 | B32: Raid | C32: Archer's Might in non-siege battles increased by 1% | D32: 150 | F32: =SUM(D32:E32) -> 150 | G32: =G31+F32 -> 2000
A33: 14 | B33: Marching | C33: For squads with Archers, Marching Speed increased by 5 | D33: 712 | F33: =SUM(D33:E33) -> 712 | G33: =G32+F33 -> 2712
D34: 15 | F34: =SUM(F20:F33) -> 2712 | G34: =G33 -> 2712
A36: Call of Glory I
B38: Skill | C38: BUFF | D38: Level 1 | E38: Level 2 | F38: TOTAL | G38: Progress Tracker
A39: 1 | B39: Charge | C39: In Reign of Chaos seasons, Archer's Might increased by 1% | D39: 157 | F39: =SUM(D39:E39) -> 157 | G39: =F39 -> 157
A40: 2 | B40: Charge | C40: In Reign of Chaos seasons, Archer's Might increased by 1% | D40: 165 | F40: =SUM(D40:E40) -> 165 | G40: =G39+F40 -> 322
A41: 3 | B41: Charge | C41: In Reign of Chaos seasons, Archer's Might increased by 1% | D41: 173 | F41: =SUM(D41:E41) -> 173 | G41: =G40+F41 -> 495
A42: 4 | B42: Cooperation | C42: When joining rally attacks, Archer's Might increased by 1% | D42: 182 | F42: =SUM(D42:E42) -> 182 | G42: =G41+F42 -> 677
A43: 5 | B43: Stronghold | C43: In Reign of Chaos seasons, Archer's Resistance increased by 1% | D43: 157 | F43: =SUM(D43:E43) -> 157 | G43: =G42+F43 -> 834
A44: 6 | B44: Stronghold | C44: In Reign of Chaos seasons, Archer's Resistance increased by 1% | D44: 165 | F44: =SUM(D44:E44) -> 165 | G44: =G43+F44 -> 999
A45: 7 | B45: Stronghold | C45: In Reign of Chaos seasons, Archer's Resistance increased by 1% | D45: 173 | F45: =SUM(D45:E45) -> 173 | G45: =G44+F45 -> 1172
A46: 8 | B46: Revival in Chaos | C46: In Reign of Chaos seasons, Archer's HP increased by 6% | D46: 309 | E46: 325 | F46: =SUM(D46:E46) -> 634 | G46: =G45+F46 -> 1806
A47: 9 | B47: March | C47: After entering the battlefield, Archer's Might increased by 1% | D47: 157 | F47: =SUM(D47:E47) -> 157 | G47: =G46+F47 -> 1963
A48: 10 | B48: March | C48: After entering the battlefield, Archer's Might increased by 1% | D48: 165 | F48: =SUM(D48:E48) -> 165 | G48: =G47+F48 -> 2128
A49: 11 | B49: March | C49: After entering the battlefield, Archer's Might increased by 1% | D49: 173 | F49: =SUM(D49:E49) -> 173 | G49: =G48+F49 -> 2301
A50: 12 | B50: Solidarity | C50: When joining rally attacks, Archer's Resistance increased by 1% | D50: 182 | F50: =SUM(D50:E50) -> 182 | G50: =G49+F50 -> 2483
A51: 13 | B51: Steal from Enemies I | C51: In round 5, (the number of Archer squads in the Legion *8%) chance to make 2 random friendly squads gain a 15% "Life Steal" effect, turning some damage dealt to the enemy into your troo power, lasting 1 round | D51: 860 | F51: =SUM(D51:E51) -> 860 | G51: =G50+F51 -> 3343
A52: 14 | B52: Unyielding | C52: After entering the battlefield, Archer's Resistance increased by 3% | D52: 157 | F52: =SUM(D52:E52) -> 157 | G52: =G51+F52 -> 3500
A53: 15 | B53: Unyielding | C53: After entering the battlefield, Archer's Resistance increased by 3% | D53: 165 | F53: =SUM(D53:E53) -> 165 | G53: =G52+F53 -> 3665
A54: 16 | B54: Unyielding | C54: After entering the battlefield, Archer's Resistance increased by 3% | D54: 173 | F54: =SUM(D54:E54) -> 173 | G54: =G53+F54 -> 3838
A55: 17 | B55: Battlefield Revival | C55: After entering the battlefield, Archer's HP increased by 6% | D55: 309 | E55: 325 | F55: =SUM(D55:E55) -> 634 | G55: =G54+F55 -> 4472
D56: 19 | F56: =SUM(F39:F55) -> 4472 | G56: =G55 -> 4472
A58: Enhanced Tactics I
B60: Skill | C60: BUFF | D60: Level 1 | E60: Level 2 | F60: TOTAL | G60: Progress Tracker
A61: 1 | B61: Siege Plan | C61: In siege attacks, Archer's Tactical Might increased by 1% | D61: 173 | F61: =SUM(D61:E61) -> 173 | G61: =F61 -> 173
A62: 2 | B62: Siege Plan | C62: In siege attacks, Archer's Tactical Might increased by 1% | D62: 182 | F62: =SUM(D62:E62) -> 182 | G62: =G61+F62 -> 355
A63: 3 | B63: Siege Plan | C63: In siege attacks, Archer's Tactical Might increased by 1% | D63: 191 | F63: =SUM(D63:E63) -> 191 | G63: =G62+F63 -> 546
A64: 4 | B64: Cooperation | C64: When joining rally attacks, Archer's Might increased by 1% | D64: 201 | F64: =SUM(D64:E64) -> 201 | G64: =G63+F64 -> 747
A65: 5 | B65: Siege Intel | C65: In siege attacks, Archer's Tactical Resistance increased by 1% | D65: 211 | F65: =SUM(D65:E65) -> 211 | G65: =G64+F65 -> 958
A66: 6 | B66: Siege Intel | C66: In siege attacks, Archer's Tactical Resistance increased by 1% | D66: 222 | F66: =SUM(D66:E66) -> 222 | G66: =G65+F66 -> 1180
A67: 7 | B67: Ambush in the Wild | C67: Archer's Tactical Might in non-siege battles increased by 1% | D67: 233 | F67: =SUM(D67:E67) -> 233 | G67: =G66+F67 -> 1413
A68: 8 | B68: Ambush in the Wild | C68: Archer's Tactical Might in non-siege battles increased by 1% | D68: 244 | F68: =SUM(D68:E68) -> 244 | G68: =G67+F68 -> 1657
A69: 9 | B69: Ambush in the Wild | C69: Archer's Tactical Might in non-siege battles increased by 1% | D69: 257 | F69: =SUM(D69:E69) -> 257 | G69: =G68+F69 -> 1914
A70: 10 | B70: Siege Intel | C70: In siege attacks, Archer's Tactical Resistance increased by 1% | D70: 222 | F70: =SUM(D70:E70) -> 222 | G70: =G69+F70 -> 2136
A71: 11 | B71: Defense Plan | C71: In siege defense, Archer's Tactical Might increased by 1% | D71: 173 | F71: =SUM(D71:E71) -> 173 | G71: =G70+F71 -> 2309
A72: 12 | B72: Defense Plan | C72: In siege defense, Archer's Tactical Might increased by 1% | D72: 182 | F72: =SUM(D72:E72) -> 182 | G72: =G71+F72 -> 2491
A73: 13 | B73: Defense Plan | C73: In siege defense, Archer's Tactical Might increased by 1% | D73: 191 | F73: =SUM(D73:E73) -> 191 | G73: =G72+F73 -> 2682
... A83: 23 | B83: Field Intel | C83: Archer's Tactical Resistance in non-siege battles increased by 1% | D83: 257 | F83: =SUM(D83:E83) -> 257 | G83: =G82+F83 -> 5850
A84: 24 | B84: Revival | C84: For squads with Archers, HP increased by 6% | D84: 458 | E84: 481 | F84: =SUM(D84:E84) -> 939 | G84: =G83+F84 -> 6789
D85: 25 | F85: =SUM(F61:F84) -> 6789 | G85: =G84 -> 6789

Sheet Footman Training II
A1: Footman Training II
B3: Skill | C3: BUFF | D3: Level 1 | E3: Level 2 | F3: TOTAL | G3: Progress Tracker
A4: 1 | B4: Courage | C4: For squads with Footmen, Might increased by 1% | D4: 108 | F4: =SUM(D4:E4) -> 108 | G4: =F4 -> 108
A5: 2 | B5: Courage | C5: For squads with Footmen, Might increased by 1% | D5: 114 | F5: =SUM(D5:E5) -> 114 | G5: =G4+F5 -> 222
A6: 3 | B6: Courage | C6: For squads with Footmen, Might increased by 1% | D6: 119 | F6: =SUM(D6:E6) -> 119 | G6: =G5+F6 -> 341
A7: 4 | B7: Revival | C7: For squads with Footmen, HP increased by 1% | D7: 125 | F7: =SUM(D7:E7) -> 125 | G7: =G6+F7 -> 466
A8: 5 | B8: Courage | C8: For squads with Footmen, Might increased by 1% | D8: 132 | F8: =SUM(D8:E8) -> 132 | G8: =G7+F8 -> 598
A9: 6 | B9: Courage | C9: For squads with Footmen, Might increased by 1% | D9: 138 | F9: =SUM(D9:E9) -> 138 | G9: =G8+F9 -> 736
A10: 7 | B10: Incapacitate | C10: When Footmen cause damage, 5% of the enemy's lost soldiers will be incapacitated and cannot recover, lasting till the battle ends. | D10: 655 | F10: =SUM(D10:E10) -> 655 | G10: =G9+F10 -> 1391
A11: 8 | B11: Defense | C11: For squads with Footmen, Resistance increased by 1% | D11: 108 | F11: =SUM(D11:E11) -> 108 | G11: =G10+F11 -> 1499
A12: 9 | B12: Defense | C12: For squads with Footmen, Resistance increased by 1% | D12: 114 | F12: =SUM(D12:E12) -> 114 | G12: =G11+F12 -> 1613
A13: 10 | B13: Defense | C13: For squads with Footmen, Resistance increased by 1% | D13: 119 | F13: =SUM(D13:E13) -> 119 | G13: =G12+F13 -> 1732
A14: 11 | B14: Revival | C14: For squads with Footmen, HP increased by 1% | D14: 125 | F14: =SUM(D14:E14) -> 125 | G14: =G13+F14 -> 1857
A15: 12 | B15: Defense | C15: For squads with Footmen, Resistance increased by 1% | D15: 132 | F15: =SUM(D15:E15) -> 132 | G15: =G14+F15 -> 1989
A16: 13 | B16: Defense | C16: For squads with Footmen, Resistance increased by 1% | D16: 138 | F16: =SUM(D16:E16) -> 138 | G16: =G15+F16 -> 2127
A17: 14 | B17: Tough Armor | C17: Footman's Base Resistance increased by 2% | D17: 247 | E17: 259 | F17: =SUM(D17:E17) -> 506 | G17: =G16+F17 -> 2633
D18: 15 | F18: =SUM(F4:F17) -> 2633 | G18: =G17 -> 2633
A20: Siege Skill I
B22: Skill | C22: BUFF | D22: Level 1 | E22: Level 2 | F22: TOTAL | G22: Progress Tracker
A23: 1 | B23: Motionless | C23: For squads with Footmen, Siege Resistance increased by 1% | D23: 180 | F23: =SUM(D23:E23) -> 180 | G23: =F23 -> 180
A24: 2 | B24: Plunder | C24: For squads with Footmen, Siege Might increased by 1% | D24: 189 | F24: =SUM(D24:E24) -> 189 | G24: =G23+F24 -> 369
A25: 3 | B25: Excited | C25: In siege attacks, Footman's HP increased by 6% | D25: 338 | E25: 355 | F25: =SUM(D25:E25) -> 693 | G25: =G24+F25 -> 1062
A26: 4 | B26: Plunder | C26: For squads with Footmen, Siege Might increased by 1% | D26: 209 | F26: =SUM(D26:E26) -> 209 | G26: =G25+F26 -> 1271
A27: 5 | B27: Siege Plan | C27: In siege attacks, Footman's Tactical Might increased by 1% | D27: 219 | F27: =SUM(D27:E27) -> 219 | G27: =G26+F27 -> 1490
A28: 6 | B28: Plunder | C28: For squads with Footmen, Siege Might increased by 1% | D28: 230 | F28: =SUM(D28:E28) -> 230 | G28: =G27+F28 -> 1720
A29: 7 | B29: Vanguard's Courage | C29: When initiating rally attacks, all Footmen's Might in the formation increased by 1% | D29: 242 | F29: =SUM(D29:E29) -> 242 | G29: =G28+F29 -> 1962
A30: 8 | B30: Plunder | C30: For squads with Footmen, Siege Might increased by 1% | D30: 254 | F30: =SUM(D30:E30) -> 254 | G30: =G29+F30 -> 2216
A31: 9 | B31: Siege Plan | C31: In siege attacks, Footman's Tactical Might increased by 1% | D31: 267 | F31: =SUM(D31:E31) -> 267 | G31: =G30+F31 -> 2483
A32: 10 | B32: Plunder | C32: For squads with Footmen, Siege Might increased by 1% | D32: 280 | F32: =SUM(D32:E32) -> 280 | G32: =G31+F32 -> 2763
A33: 11 | B33: Motionless | C33: For squads with Footmen, Siege Resistance increased by 1% | D33: 209 | F33: =SUM(D33:E33) -> 209 | G33: =G32+F33 -> 2972
A34: 12 | B34: Siege Intel | C34: In siege attacks, Footman's Tactical Resistance increased by 1% | D34: 219 | F34: =SUM(D34:E34) -> 219 | G34: =G33+F34 -> 3191
A35: 13 | B35: Motionless | C35: For squads with Footmen, Siege Resistance increased by 1% | D35: 230 | F35: =SUM(D35:E35) -> 230 | G35: =G34+F35 -> 3421
A36: 14 | B36: Vanguard's Defense | C36: When initiating rally attacks, all Footmen's Resistance in the formation increased by 1% | D36: 242 | F36: =SUM(D36:E36) -> 242 | G36: =G35+F36 -> 3663
A37: 15 | B37: Motionless | C37: For squads with Footmen, Siege Resistance increased by 1% | D37: 254 | F37: =SUM(D37:E37) -> 254 | G37: =G36+F37 -> 3917
... A40: 18 | B40: Break Cities | C40: In siege attacks, Footmen deal 5% more damage | D40: 1325 | F40: =SUM(D40:E40) -> 1325 | G40: =G39+F40 -> 5789
D41: 19 | F41: =SUM(F23:F40) -> 5789 | G41: =G40 -> 5789
A43: Defensive Skill I
B45: Skill | C45: BUFF | D45: Level 1 | E45: Level 2 | F45: TOTAL | G45: Progress Tracker
A46: 1 | B46: Perseverance | C46: For squads with Footmen, Siege Defense Might increased by 1% | D46: 194 | F46: =SUM(D46:E46) -> 194 | G46: =F46 -> 194
A47: 2 | B47: Encircle | C47: When reinforcing allies in their castles, Footman's Might increased by 1% | D47: 204 | F47: =SUM(D47:E47) -> 204 | G47: =G46+F47 -> 398
A48: 3 | B48: Perseverance | C48: For squads with Footmen, Siege Defense Might increased by 1% | D48: 214 | F48: =SUM(D48:E48) -> 214 | G48: =G47+F48 -> 612
A49: 4 | B49: Stronghold | C49: For squads with Footmen, Siege Defense Resistance increased by 1% | D49: 194 | F49: =SUM(D49:E49) -> 194 | G49: =G48+F49 -> 806
A50: 5 | B50: Interception | C50: When reinforcing allies in their castles, Footman's Resistance increased by 1% | D50: 204 | F50: =SUM(D50:E50) -> 204 | G50: =G49+F50 -> 1010
A51: 6 | B51: Stronghold | C51: For squads with Footmen, Siege Defense Resistance increased by 1% | D51: 214 | F51: =SUM(D51:E51) -> 214 | G51: =G50+F51 -> 1224
A52: 7 | B52: Tougher Defense | C52: In siege defense, Footman's HP increased by 6% | D52: 382 | E52: 401 | F52: =SUM(D52:E52) -> 783 | G52: =G51+F52 -> 2007
A53: 8 | B53: Encircle | C53: When reinforcing allies in their castles, Footman's Might increased by 1% | D53: 236 | F53: =SUM(D53:E53) -> 236 | G53: =G52+F53 -> 2243
A54: 9 | B54: Perseverance | C54: For squads with Footmen, Siege Defense Might increased by 1% | D54: 248 | F54: =SUM(D54:E54) -> 248 | G54: =G53+F54 -> 2491
A55: 10 | B55: Encircle | C55: When reinforcing allies in their castles, Footman's Might increased by 1% | D55: 260 | F55: =SUM(D55:E55) -> 260 | G55: =G54+F55 -> 2751
A56: 11 | B56: Perseverance | C56: For squads with Footmen, Siege Defense Might increased by 1% | D56: 273 | F56: =SUM(D56:E56) -> 273 | G56: =G55+F56 -> 3024
A57: 12 | B57: Encircle | C57: When reinforcing allies in their castles, Footman's Might increased by 1% | D57: 287 | F57: =SUM(D57:E57) -> 287 | G57: =G56+F57 -> 3311
A58: 13 | B58: Perseverance | C58: For squads with Footmen, Siege Defense Might increased by 1% | D58: 301 | F58: =SUM(D58:E58) -> 301 | G58: =G57+F58 -> 3612
A59: 14 | B59: Perseverance | C59: For squads with Footmen, Siege Defense Might increased by 1% | D59: 248 | F59: =SUM(D59:E59) -> 248 | G59: =G58+F59 -> 3860
A60: 15 | B60: Interception | C60: When reinforcing allies in their castles, Footman's Resistance increased by 1% | D60: 236 | F60: =SUM(D60:E60) -> 236 | G60: =G59+F60 -> 4096
A61: 16 | B61: Stronghold | C61: For squads with Footmen, Siege Defense Resistance increased by 1% | D61: 248 | F61: =SUM(D61:E61) -> 248 | G61: =G60+F61 -> 4344
A62: 17 | B62: City Defense Tactics | C62: In siege defense, Footman's Tactical Might and Tactical Resistance increased by 5% | D62: 1172 | F62: =SUM(D62:E62) -> 1172 | G62: =G61+F62 -> 5516
A63: 18 | B63: Stronghold | C63: For squads with Footmen, Siege Defense Resistance increased by 1% | D63: 248 | F63: =SUM(D63:E63) -> 248 | G63: =G62+F63 -> 5764
A64: 19 | B64: Interception | C64: When reinforcing allies in their castles, Footman's Resistance increased by 1% | D64: 260 | F64: =SUM(D64:E64) -> 260 | G64: =G63+F64 -> 6024
... A67: 22 | B67: Stronghold | C67: For squads with Footmen, Siege Defense Resistance increased by 1% | D67: 301 | F67: =SUM(D67:E67) -> 301 | G67: =G66+F67 -> 6885
A68: 23 | B68: Tougher Defense | C68: In siege defense, Footman's HP increased by 6% | D68: 538 | E68: 565 | F68: =SUM(D68:E68) -> 1103 | G68: =G67+F68 -> 7988
D69: 25 | F69: =SUM(F46:F68) -> 7988 | G69: =G68 -> 7988
A71: Neat Formation I
B73: Skill | C73: BUFF | D73: Level 1 | E73: Level 2 | F73: TOTAL | G73: Progress Tracker
A74: 1 | B74: Secret Intel | C74: Mid-row Footman squad's Tactical Resistance increased by 1% | D74: 226 | F74: =SUM(D74:E74) -> 226 | G74: =F74 -> 226
A75: 2 | B75: Great Courage | C75: Mid-row Footman squad's Might increased by 1% | D75: 238 | F75: =SUM(D75:E75) -> 238 | G75: =G74+F75 -> 464
A76: 3 | B76: Great Courage | C76: Mid-row Footman squad's Might increased by 1% | D76: 249 | F76: =SUM(D76:E76) -> 249 | G76: =G75+F76 -> 713
A77: 4 | B77: Great Courage | C77: Mid-row Footman squad's Might increased by 1% | D77: 262 | F77: =SUM(D77:E77) -> 262 | G77: =G76+F77 -> 975
A78: 5 | B78: Solid Defense | C78: Mid-row Footman squad's Resistance increased by 1% | D78: 238 | F78: =SUM(D78:E78) -> 238 | G78: =G77+F78 -> 1213
A79: 6 | B79: Solid Defense | C79: Mid-row Footman squad's Resistance increased by 1% | D79: 249 | F79: =SUM(D79:E79) -> 249 | G79: =G78+F79 -> 1462
A80: 7 | B80: Solid Defense | C80: Mid-row Footman squad's Resistance increased by 1% | D80: 262 | F80: =SUM(D80:E80) -> 262 | G80: =G79+F80 -> 1724
A81: 8 | B81: Smart Scheme | C81: Mid-row Footman squad's Tactical Might increased by 1% | D81: 275 | F81: =SUM(D81:E81) -> 275 | G81: =G80+F81 -> 1999
A82: 9 | B82: Great Vitality | C82: Mid-row Footman squad's HP increased by 6% | D82: 491 | E82: 516 | F82: =SUM(D82:E82) -> 1007 | G82: =G81+F82 -> 3006
A83: 10 | B83: Vanguard's Intel | C83: Front-row Footman squad's Tactical Resistance increased by 1% | D83: 226 | F83: =SUM(D83:E83) -> 226 | G83: =G82+F83 -> 3232
A84: 11 | B84: Frontal Defense | C84: Front-row Footman squad's Resistance increased by 1% | D84: 238 | F84: =SUM(D84:E84) -> 238 | G84: =G83+F84 -> 3470
A85: 12 | B85: Frontal Defense | C85: Front-row Footman squad's Resistance increased by 1% | D85: 249 | F85: =SUM(D85:E85) -> 249 | G85: =G84+F85 -> 3719
A86: 13 | B86: Frontal Defense | C86: Front-row Footman squad's Resistance increased by 1% | D86: 262 | F86: =SUM(D86:E86) -> 262 | G86: =G85+F86 -> 3981
A87: 14 | B87: Vanguard's Courage | C87: Front-row Footman squad's Might increased by 1% | D87: 238 | F87: =SUM(D87:E87) -> 238 | G87: =G86+F87 -> 4219
A88: 15 | B88: Vanguard's Courage | C88: Front-row Footman squad's Might increased by 1% | D88: 249 | F88: =SUM(D88:E88) -> 249 | G88: =G87+F88 -> 4468
A89: 16 | B89: Vanguard's Courage | C89: Front-row Footman squad's Might increased by 1% | D89: 262 | F89: =SUM(D89:E89) -> 262 | G89: =G88+F89 -> 4730
A90: 17 | B90: Vanguard's Scheme | C90: Front-row Footman squad's Tactical Might increased by 1% | D90: 275 | F90: =SUM(D90:E90) -> 275 | G90: =G89+F90 -> 5005
A91: 18 | B91: Vanguard's Vitality | C91: Front-row Footman squad's HP increased by 6% | D91: 491 | E91: 516 | F91: =SUM(D91:E91) -> 1007 | G91: =G90+F91 -> 6012
A92: 19 | B92: Weakened Power I | C92: In round 4, (the number of Footman squads of the Legion *20%) chance to make the enemy squad with the highest troop power deal -10% Physical Damage, lasting 2 rounds | D92: 1366 | F92: =SUM(D92:E92) -> 1366 | G92: =G91+F92 -> 7378
A93: 20 | B93: Rearguard's Intel | C93: Back-row Footman squad's Tactical Resistance increased by 1% | D93: 226 | F93: =SUM(D93:E93) -> 226 | G93: =G92+F93 -> 7604
A94: 21 | B94: Rearguard's Courage | C94: Back-row Footman squad's Might increased by 1% | D94: 238 | F94: =SUM(D94:E94) -> 238 | G94: =G93+F94 -> 7842
A95: 22 | B95: Rearguard's Courage | C95: Back-row Footman squad's Might increased by 1% | D95: 249 | F95: =SUM(D95:E95) -> 249 | G95: =G94+F95 -> 8091
A96: 23 | B96: Rearguard's Courage | C96: Back-row Footman squad's Might increased by 1% | D96: 262 | F96: =SUM(D96:E96) -> 262 | G96: =G95+F96 -> 8353
A97: 24 | B97: Rearguard's Defense | C97: Back-row Footman squad's Resistance increased by 1% | D97: 238 | F97: =SUM(D97:E97) -> 238 | G97: =G96+F97 -> 8591
A98: 25 | B98: Rearguard's Defense | C98: Back-row Footman squad's Resistance increased by 1% | D98: 249 | F98: =SUM(D98:E98) -> 249 | G98: =G97+F98 -> 8840
A99: 26 | B99: Rearguard's Defense | C99: Back-row Footman squad's Resistance increased by 1% | D99: 262 | F99: =SUM(D99:E99) -> 262 | G99: =G98+F99 -> 9102
A100: 27 | B100: Rearguard's Scheme | C100: Back-row Footman squad's Tactical Might increased by 1% | D100: 275 | F100: =SUM(D100:E100) -> 275 | G100: =G99+F100 -> 9377
A101: 28 | B101: Rearguard's Vitality | C101: Back-row Footman squad's HP increased by 6% | D101: 491 | E101: 516 | F101: =SUM(D101:E101) -> 1007 | G101: =G100+F101 -> 10384
D102: 31 | F102: =SUM(F74:F101) -> 10384 | G102: =G101 -> 10384

Sheet Cavalry Training II
A1: Cavalry Training II
B3: Skill | C3: BUFF | D3: Level 1 | E3: Level 2 | F3: TOTAL | G3: Progress Tracker
A4: 1 | B4: Defense | C4: For squads with Cavalry, Resistance increased by 1% | D4: 108 | F4: =SUM(D4:E4) -> 108 | G4: =F4 -> 108
A5: 2 | B5: Defense | C5: For squads with Cavalry, Resistance increased by 1% | D5: 114 | F5: =SUM(D5:E5) -> 114 | G5: =G4+F5 -> 222
A6: 3 | B6: Defense | C6: For squads with Cavalry, Resistance increased by 1% | D6: 119 | F6: =SUM(D6:E6) -> 119 | G6: =G5+F6 -> 341
A7: 4 | B7: Revival | C7: For squads with Cavalry, HP increased by 1% | D7: 125 | F7: =SUM(D7:E7) -> 125 | G7: =G6+F7 -> 466
A8: 5 | B8: Defense | C8: For squads with Cavalry, Resistance increased by 1% | D8: 132 | F8: =SUM(D8:E8) -> 132 | G8: =G7+F8 -> 598
A9: 6 | B9: Defense | C9: For squads with Cavalry, Resistance increased by 1% | D9: 138 | F9: =SUM(D9:E9) -> 138 | G9: =G8+F9 -> 736
A10: 7 | B10: Tough Armor | C10: Cavalry's Base Resistance increased by 2% | D10: 247 | E10: 259 | F10: =SUM(D10:E10) -> 506 | G10: =G9+F10 -> 1242
A11: 8 | B11: Courage | C11: For squads with Cavalry, Might increased by 1% | D11: 108 | F11: =SUM(D11:E11) -> 108 | G11: =G10+F11 -> 1350
A12: 9 | B12: Courage | C12: For squads with Cavalry, Might increased by 1% | D12: 114 | F12: =SUM(D12:E12) -> 114 | G12: =G11+F12 -> 1464
A13: 10 | B13: Courage | C13: For squads with Cavalry, Might increased by 1% | D13: 119 | F13: =SUM(D13:E13) -> 119 | G13: =G12+F13 -> 1583
A14: 11 | B14: Revival | C14: For squads with Cavalry, HP increased by 1% | D14: 125 | F14: =SUM(D14:E14) -> 125 | G14: =G13+F14 -> 1708
A15: 12 | B15: Courage | C15: For squads with Cavalry, Might increased by 1% | D15: 132 | F15: =SUM(D15:E15) -> 132 | G15: =G14+F15 -> 1840
A16: 13 | B16: Courage | C16: For squads with Cavalry, Might increased by 1% | D16: 138 | F16: =SUM(D16:E16) -> 138 | G16: =G15+F16 -> 1978
A17: 14 | B17: Incapacitate | C17: When Cavalry causes damage, 5% of the enemy's lost soldiers will be incapacitated and cannot recover, lasting till the battle ends. | D17: 655 | F17: =SUM(D17:E17) -> 655 | G17: =G16+F17 -> 2633
D18: 15 | F18: =SUM(F4:F17) -> 2633 | G18: =G17 -> 2633
A20: Siege Skill I
B22: Skill | C22: BUFF | D22: Level 1 | E22: Level 2 | F22: TOTAL | G22: Progress Tracker
A23: 1 | B23: Motionless | C23: For squads with Cavalry, Siege Resistance increased by 1% | D23: 180 | F23: =SUM(D23:E23) -> 180 | G23: =F23 -> 180
A24: 2 | B24: Plunder | C24: For squads with Cavalry, Siege Might increased by 1% | D24: 189 | F24: =SUM(D24:E24) -> 189 | G24: =G23+F24 -> 369
A25: 3 | B25: Excited | C25: In siege attacks, Cavalry's HP increased by 6% | D25: 338 | E25: 355 | F25: =SUM(D25:E25) -> 693 | G25: =G24+F25 -> 1062
A26: 4 | B26: Motionless | C26: For squads with Cavalry, Siege Resistance increased by 1% | D26: 209 | F26: =SUM(D26:E26) -> 209 | G26: =G25+F26 -> 1271
A27: 5 | B27: Siege Intel | C27: In siege attacks, Cavalry's Tactical Resistance increased by 1% | D27: 219 | F27: =SUM(D27:E27) -> 219 | G27: =G26+F27 -> 1490
A28: 6 | B28: Motionless | C28: For squads with Cavalry, Siege Resistance increased by 1% | D28: 230 | F28: =SUM(D28:E28) -> 230 | G28: =G27+F28 -> 1720
A29: 7 | B29: Vanguard's Defense | C29: When initiating rally attacks, all Cavalry's Resistance in the formation increased by 1% | D29: 242 | F29: =SUM(D29:E29) -> 242 | G29: =G28+F29 -> 1962
A30: 8 | B30: Motionless | C30: For squads with Cavalry, Siege Resistance increased by 1% | D30: 254 | F30: =SUM(D30:E30) -> 254 | G30: =G29+F30 -> 2216
A31: 9 | B31: Siege Intel | C31: In siege attacks, Cavalry's Tactical Resistance increased by 1% | D31: 267 | F31: =SUM(D31:E31) -> 267 | G31: =G30+F31 -> 2483
A32: 10 | B32: Motionless | C32: For squads with Cavalry, Siege Resistance increased by 1% | D32: 280 | F32: =SUM(D32:E32) -> 280 | G32: =G31+F32 -> 2763
A33: 11 | B33: Plunder | C33: For squads with Cavalry, Siege Might increased by 1% | D33: 209 | F33: =SUM(D33:E33) -> 209 | G33: =G32+F33 -> 2972
A34: 12 | B34: Siege Plan | C34: In siege attacks, Cavalry's Tactical Might increased by 1% | D34: 219 | F34: =SUM(D34:E34) -> 219 | G34: =G33+F34 -> 3191
A35: 13 | B35: Plunder | C35: For squads with Cavalry, Siege Might increased by 1% | D35: 230 | F35: =SUM(D35:E35) -> 230 | G35: =G34+F35 -> 3421
A36: 14 | B36: Vanguard's Courage | C36: When initiating rally attacks, all Cavalry's Might in the formation increased by 1% | D36: 242 | F36: =SUM(D36:E36) -> 242 | G36: =G35+F36 -> 3663
A37: 15 | B37: Plunder | C37: For squads with Cavalry, Siege Might increased by 1% | D37: 254 | F37: =SUM(D37:E37) -> 254 | G37: =G36+F37 -> 3917
... A40: 18 | B40: Break Cities | C40: In siege attacks, Cavalry deals 5% more damage | D40: 1325 | F40: =SUM(D40:E40) -> 1325 | G40: =G39+F40 -> 5789
D41: 19 | F41: =SUM(F23:F40) -> 5789 | G41: =G40 -> 5789
A43: Defensive Skill I
B45: Skill | C45: BUFF | D45: Level 1 | E45: Level 2 | F45: TOTAL | G45: Progress Tracker
A46: 1 | B46: Stronghold | C46: For squads with Cavalry, Siege Defense Resistance increased by 1% | D46: 194 | F46: =SUM(D46:E46) -> 194 | G46: =F46 -> 194
A47: 2 | B47: Interception | C47: When reinforcing allies in their castles, Cavalry Resistance increased by 1% | D47: 204 | F47: =SUM(D47:E47) -> 204 | G47: =G46+F47 -> 398
A48: 3 | B48: Stronghold | C48: For squads with Cavalry, Siege Defense Resistance increased by 1% | D48: 214 | F48: =SUM(D48:E48) -> 214 | G48: =G47+F48 -> 612
A49: 4 | B49: Perseverance | C49: For squads with Cavalry, Siege Defense Might increased by 1% | D49: 194 | F49: =SUM(D49:E49) -> 194 | G49: =G48+F49 -> 806
A50: 5 | B50: Encircle | C50: When reinforcing allies in their castles, Cavalry Might increased by 1% | D50: 204 | F50: =SUM(D50:E50) -> 204 | G50: =G49+F50 -> 1010
A51: 6 | B51: Perseverance | C51: For squads with Cavalry, Siege Defense Might increased by 1% | D51: 214 | F51: =SUM(D51:E51) -> 214 | G51: =G50+F51 -> 1224
A52: 7 | B52: Tougher Defense | C52: In siege defense, Cavalry's HP increased by 6% | D52: 382 | E52: 401 | F52: =SUM(D52:E52) -> 783 | G52: =G51+F52 -> 2007
A53: 8 | B53: Interception | C53: When reinforcing allies in their castles, Cavalry Resistance increased by 1% | D53: 236 | F53: =SUM(D53:E53) -> 236 | G53: =G52+F53 -> 2243
A54: 9 | B54: Stronghold | C54: For squads with Cavalry, Siege Defense Resistance increased by 1% | D54: 248 | F54: =SUM(D54:E54) -> 248 | G54: =G53+F54 -> 2491
A55: 10 | B55: Interception | C55: When reinforcing allies in their castles, Cavalry Resistance increased by 1% | D55: 260 | F55: =SUM(D55:E55) -> 260 | G55: =G54+F55 -> 2751
A56: 11 | B56: Stronghold | C56: For squads with Cavalry, Siege Defense Resistance increased by 1% | D56: 273 | F56: =SUM(D56:E56) -> 273 | G56: =G55+F56 -> 3024
A57: 12 | B57: Interception | C57: When reinforcing allies in their castles, Cavalry Resistance increased by 1% | D57: 287 | F57: =SUM(D57:E57) -> 287 | G57: =G56+F57 -> 3311
A58: 13 | B58: Stronghold | C58: For squads with Cavalry, Siege Defense Resistance increased by 1% | D58: 301 | F58: =SUM(D58:E58) -> 301 | G58: =G57+F58 -> 3612
A59: 14 | B59: Stronghold | C59: For squads with Cavalry, Siege Defense Resistance increased by 1% | D59: 248 | F59: =SUM(D59:E59) -> 248 | G59: =G58+F59 -> 3860
A60: 15 | B60: Encircle | C60: When reinforcing allies in their castles, Cavalry Might increased by 1% | D60: 236 | F60: =SUM(D60:E60) -> 236 | G60: =G59+F60 -> 4096
A61: 16 | B61: Perseverance | C61: For squads with Cavalry, Siege Defense Might increased by 1% | D61: 248 | F61: =SUM(D61:E61) -> 248 | G61: =G60+F61 -> 4344
A62: 17 | B62: City Defense Tactics | C62: In siege defense, Cavalry's Tactical Might and Tactical Resistance increased by 5% | D62: 1172 | F62: =SUM(D62:E62) -> 1172 | G62: =G61+F62 -> 5516
A63: 18 | B63: Perseverance | C63: For squads with Cavalry, Siege Defense Might increased by 1% | D63: 248 | F63: =SUM(D63:E63) -> 248 | G63: =G62+F63 -> 5764
A64: 19 | B64: Encircle | C64: When reinforcing allies in their castles, Cavalry Might increased by 1% | D64: 260 | F64: =SUM(D64:E64) -> 260 | G64: =G63+F64 -> 6024
... A67: 22 | B67: Perseverance | C67: For squads with Cavalry, Siege Defense Might increased by 1% | D67: 301 | F67: =SUM(D67:E67) -> 301 | G67: =G66+F67 -> 6885
A68: 23 | B68: Tougher Defense | C68: In siege defense, Cavalry's HP increased by 6% | D68: 538 | E68: 565 | F68: =SUM(D68:E68) -> 1103 | G68: =G67+F68 -> 7988
D69: 25 | F69: =SUM(F46:F68) -> 7988 | G69: =G68 -> 7988
A71: Neat Formation I
B73: Skill | C73: BUFF | D73: Level 1 | E73: Level 2 | F73: TOTAL | G73: Progress Tracker
A74: 1 | B74: Rearguard's Intel | C74: Back-row Cavalry squad's Tactical Resistance increased by 1% | D74: 226 | F74: =SUM(D74:E74) -> 226 | G74: =F74 -> 226
A75: 2 | B75: Rearguard's Defense | C75: Back-row Cavalry squad's Resistance increased by 1% | D75: 238 | F75: =SUM(D75:E75) -> 238 | G75: =G74+F75 -> 464
A76: 3 | B76: Rearguard's Defense | C76: Back-row Cavalry squad's Resistance increased by 1% | D76: 249 | F76: =SUM(D76:E76) -> 249 | G76: =G75+F76 -> 713
A77: 4 | B77: Rearguard's Defense | C77: Back-row Cavalry squad's Resistance increased by 1% | D77: 262 | F77: =SUM(D77:E77) -> 262 | G77: =G76+F77 -> 975
A78: 5 | B78: Rearguard's Courage | C78: Back-row Cavalry squad's Might increased by 1% | D78: 238 | F78: =SUM(D78:E78) -> 238 | G78: =G77+F78 -> 1213
A79: 6 | B79: Rearguard's Courage | C79: Back-row Cavalry squad's Might increased by 1% | D79: 249 | F79: =SUM(D79:E79) -> 249 | G79: =G78+F79 -> 1462
A80: 7 | B80: Rearguard's Courage | C80: Back-row Cavalry squad's Might increased by 1% | D80: 262 | F80: =SUM(D80:E80) -> 262 | G80: =G79+F80 -> 1724
A81: 8 | B81: Rearguard's Scheme | C81: Back-row Cavalry squad's Tactical Might increased by 1% | D81: 275 | F81: =SUM(D81:E81) -> 275 | G81: =G80+F81 -> 1999
A82: 9 | B82: Rearguard's Vitality | C82: Back-row Cavalry squad's HP increased by 6% | D82: 491 | E82: 516 | F82: =SUM(D82:E82) -> 1007 | G82: =G81+F82 -> 3006
A83: 10 | B83: Vanguard's Intel | C83: Front-row Cavalry squad's Tactical Resistance increased by 1% | D83: 226 | F83: =SUM(D83:E83) -> 226 | G83: =G82+F83 -> 3232
A84: 11 | B84: Vanguard's Courage | C84: Front-row Cavalry squad's Might increased by 1% | D84: 238 | F84: =SUM(D84:E84) -> 238 | G84: =G83+F84 -> 3470
A85: 12 | B85: Vanguard's Courage | C85: Front-row Cavalry squad's Might increased by 1% | D85: 249 | F85: =SUM(D85:E85) -> 249 | G85: =G84+F85 -> 3719
A86: 13 | B86: Vanguard's Courage | C86: Front-row Cavalry squad's Might increased by 1% | D86: 262 | F86: =SUM(D86:E86) -> 262 | G86: =G85+F86 -> 3981
A87: 14 | B87: Frontal Defense | C87: Front-row Cavalry squad's Resistance increased by 1% | D87: 238 | F87: =SUM(D87:E87) -> 238 | G87: =G86+F87 -> 4219
A88: 15 | B88: Frontal Defense | C88: Front-row Cavalry squad's Resistance increased by 1% | D88: 249 | F88: =SUM(D88:E88) -> 249 | G88: =G87+F88 -> 4468
A89: 16 | B89: Frontal Defense | C89: Front-row Cavalry squad's Resistance increased by 1% | D89: 262 | F89: =SUM(D89:E89) -> 262 | G89: =G88+F89 -> 4730
A90: 17 | B90: Vanguard's Scheme | C90: Front-row Cavalry squad's Tactical Might increased by 1% | D90: 275 | F90: =SUM(D90:E90) -> 275 | G90: =G89+F90 -> 5005
A91: 18 | B91: Vanguard's Vitality | C91: Front-row Cavalry squad's HP increased by 6% | D91: 491 | E91: 516 | F91: =SUM(D91:E91) -> 1007 | G91: =G90+F91 -> 6012
A92: 19 | B92: Overwhelming Attack I | C92: In round 6, if your Cavalry squad is the one with the highest troop power among friendly squads, deal +10% Skill Damage for 2 rounds | D92: 1366 | F92: =SUM(D92:E92) -> 1366 | G92: =G91+F92 -> 7378
A93: 20 | B93: Secret Intel | C93: Mid-row Cavalry squad's Tactical Resistance increased by 1% | D93: 226 | F93: =SUM(D93:E93) -> 226 | G93: =G92+F93 -> 7604
A94: 21 | B94: Solid Defense | C94: Mid-row Cavalry squad's Resistance increased by 1% | D94: 238 | F94: =SUM(D94:E94) -> 238 | G94: =G93+F94 -> 7842
A95: 22 | B95: Solid Defense | C95: Mid-row Cavalry squad's Resistance increased by 1% | D95: 249 | F95: =SUM(D95:E95) -> 249 | G95: =G94+F95 -> 8091
A96: 23 | B96: Solid Defense | C96: Mid-row Cavalry squad's Resistance increased by 1% | D96: 262 | F96: =SUM(D96:E96) -> 262 | G96: =G95+F96 -> 8353
A97: 24 | B97: Great Courage | C97: Mid-row Cavalry squad's Might increased by 1% | D97: 238 | F97: =SUM(D97:E97) -> 238 | G97: =G96+F97 -> 8591
A98: 25 | B98: Great Courage | C98: Mid-row Cavalry squad's Might increased by 1% | D98: 249 | F98: =SUM(D98:E98) -> 249 | G98: =G97+F98 -> 8840
A99: 26 | B99: Great Courage | C99: Mid-row Cavalry squad's Might increased by 1% | D99: 262 | F99: =SUM(D99:E99) -> 262 | G99: =G98+F99 -> 9102
A100: 27 | B100: Smart Scheme | C100: Mid-row Cavalry squad's Tactical Might increased by 1% | D100: 275 | F100: =SUM(D100:E100) -> 275 | G100: =G99+F100 -> 9377
A101: 28 | B101: Great Vitality | C101: Mid-row Cavalry squad's HP increased by 6% | D101: 491 | E101: 516 | F101: =SUM(D101:E101) -> 1007 | G101: =G100+F101 -> 10384
D102: 31 | F102: =SUM(F74:F101) -> 10384 | G102: =G101 -> 10384

Sheet Archer Training II
A1: Archer Training II
B3: Skill | C3: BUFF | D3: Level 1 | E3: Level 2 | F3: TOTAL | G3: Progress Tracker
A4: 1 | B4: Courage | C4: For squads with Archers, Might increased by 1% | D4: 108 | F4: =SUM(D4:E4) -> 108 | G4: =F4 -> 108
A5: 2 | B5: Courage | C5: For squads with Archers, Might increased by 1% | D5: 114 | F5: =SUM(D5:E5) -> 114 | G5: =G4+F5 -> 222
A6: 3 | B6: Courage | C6: For squads with Archers, Might increased by 1% | D6: 119 | F6: =SUM(D6:E6) -> 119 | G6: =G5+F6 -> 341
A7: 4 | B7: Revival | C7: For squads with Archers, HP increased by 1% | D7: 125 | F7: =SUM(D7:E7) -> 125 | G7: =G6+F7 -> 466
A8: 5 | B8: Courage | C8: For squads with Archers, Might increased by 1% | D8: 132 | F8: =SUM(D8:E8) -> 132 | G8: =G7+F8 -> 598
A9: 6 | B9: Courage | C9: For squads with Archers, Might increased by 1% | D9: 138 | F9: =SUM(D9:E9) -> 138 | G9: =G8+F9 -> 736
A10: 7 | B10: Incapacitate | C10: When Archers cause damage, 5% of the enemy's lost soldiers will be incapacitated and cannot recover, lasting till the battle ends. | D10: 655 | F10: =SUM(D10:E10) -> 655 | G10: =G9+F10 -> 1391
A11: 8 | B11: Defense | C11: For squads with Archers, Resistance increased by 1% | D11: 108 | F11: =SUM(D11:E11) -> 108 | G11: =G10+F11 -> 1499
A12: 9 | B12: Defense | C12: For squads with Archers, Resistance increased by 1% | D12: 114 | F12: =SUM(D12:E12) -> 114 | G12: =G11+F12 -> 1613
A13: 10 | B13: Defense | C13: For squads with Archers, Resistance increased by 1% | D13: 119 | F13: =SUM(D13:E13) -> 119 | G13: =G12+F13 -> 1732
A14: 11 | B14: Revival | C14: For squads with Archers, HP increased by 1% | D14: 125 | F14: =SUM(D14:E14) -> 125 | G14: =G13+F14 -> 1857
A15: 12 | B15: Defense | C15: For squads with Archers, Resistance increased by 1% | D15: 132 | F15: =SUM(D15:E15) -> 132 | G15: =G14+F15 -> 1989
A16: 13 | B16: Defense | C16: For squads with Archers, Resistance increased by 1% | D16: 138 | F16: =SUM(D16:E16) -> 138 | G16: =G15+F16 -> 2127
A17: 14 | B17: Tough Armor | C17: Archer's Base Resistance increased by 2% | D17: 247 | E17: 259 | F17: =SUM(D17:E17) -> 506 | G17: =G16+F17 -> 2633
D18: 15 | F18: =SUM(F4:F17) -> 2633 | G18: =G17 -> 2633
A20: Siege Skill I
B22: Skill | C22: BUFF | D22: Level 1 | E22: Level 2 | F22: TOTAL | G22: Progress Tracker
A23: 1 | B23: Motionless | C23: For squads with Archers, Siege Resistance increased by 1% | D23: 180 | F23: =SUM(D23:E23) -> 180 | G23: =F23 -> 180
A24: 2 | B24: Plunder | C24: For squads with Archers, Siege Might increased by 1% | D24: 189 | F24: =SUM(D24:E24) -> 189 | G24: =G23+F24 -> 369
A25: 3 | B25: Excited | C25: In siege attacks, Archer's HP increased by 6% | D25: 338 | E25: 355 | F25: =SUM(D25:E25) -> 693 | G25: =G24+F25 -> 1062
A26: 4 | B26: Plunder | C26: For squads with Archers, Siege Might increased by 1% | D26: 209 | F26: =SUM(D26:E26) -> 209 | G26: =G25+F26 -> 1271
A27: 5 | B27: Siege Plan | C27: In siege attacks, Archer's Tactical Might increased by 1% | D27: 219 | F27: =SUM(D27:E27) -> 219 | G27: =G26+F27 -> 1490
A28: 6 | B28: Plunder | C28: For squads with Archers, Siege Might increased by 1% | D28: 230 | F28: =SUM(D28:E28) -> 230 | G28: =G27+F28 -> 1720
A29: 7 | B29: Vanguard's Courage | C29: When initiating rally attacks, all Archers' Might in the formation increased by 1% | D29: 242 | F29: =SUM(D29:E29) -> 242 | G29: =G28+F29 -> 1962
A30: 8 | B30: Plunder | C30: For squads with Archers, Siege Might increased by 1% | D30: 254 | F30: =SUM(D30:E30) -> 254 | G30: =G29+F30 -> 2216
A31: 9 | B31: Siege Plan | C31: In siege attacks, Archer's Tactical Might increased by 1% | D31: 267 | F31: =SUM(D31:E31) -> 267 | G31: =G30+F31 -> 2483
A32: 10 | B32: Plunder | C32: For squads with Archers, Siege Might increased by 1% | D32: 280 | F32: =SUM(D32:E32) -> 280 | G32: =G31+F32 -> 2763
A33: 11 | B33: Motionless | C33: For squads with Archers, Siege Resistance increased by 1% | D33: 209 | F33: =SUM(D33:E33) -> 209 | G33: =G32+F33 -> 2972
A34: 12 | B34: Siege Intel | C34: In siege attacks, Archer's Tactical Resistance increased by 1% | D34: 219 | F34: =SUM(D34:E34) -> 219 | G34: =G33+F34 -> 3191
A35: 13 | B35: Motionless | C35: For squads with Archers, Siege Resistance increased by 1% | D35: 230 | F35: =SUM(D35:E35) -> 230 | G35: =G34+F35 -> 3421
A36: 14 | B36: Vanguard's Defense | C36: When initiating rally attacks, all Archers' Resistance in the formation increased by 1% | D36: 242 | F36: =SUM(D36:E36) -> 242 | G36: =G35+F36 -> 3663
A37: 15 | B37: Motionless | C37: For squads with Archers, Siege Resistance increased by 1% | D37: 254 | F37: =SUM(D37:E37) -> 254 | G37: =G36+F37 -> 3917
... A40: 18 | B40: Break Cities | C40: In siege attacks, Archers deal 5% more damage | D40: 1325 | F40: =SUM(D40:E40) -> 1325 | G40: =G39+F40 -> 5789
D41: 19 | F41: =SUM(F23:F40) -> 5789 | G41: =G40 -> 5789
A43: Defensive Skill I
B45: Skill | C45: BUFF | D45: Level 1 | E45: Level 2 | F45: TOTAL | G45: Progress Tracker
A46: 1 | B46: Perseverance | C46: For squads with Archers, Siege Defense Might increased by 1% | D46: 194 | F46: =SUM(D46:E46) -> 194 | G46: =F46 -> 194
A47: 2 | B47: Encircle | C47: When reinforcing allies in their castles, Archer's Might increased by 1% | D47: 204 | F47: =SUM(D47:E47) -> 204 | G47: =G46+F47 -> 398
A48: 3 | B48: Perseverance | C48: For squads with Archers, Siege Defense Might increased by 1% | D48: 214 | F48: =SUM(D48:E48) -> 214 | G48: =G47+F48 -> 612
A49: 4 | B49: Stronghold | C49: For squads with Archers, Siege Defense Resistance increased by 1% | D49: 194 | F49: =SUM(D49:E49) -> 194 | G49: =G48+F49 -> 806
A50: 5 | B50: Interception | C50: When reinforcing allies in their castles, Archer's Resistance increased by 1% | D50: 204 | F50: =SUM(D50:E50) -> 204 | G50: =G49+F50 -> 1010
A51: 6 | B51: Stronghold | C51: For squads with Archers, Siege Defense Resistance increased by 1% | D51: 214 | F51: =SUM(D51:E51) -> 214 | G51: =G50+F51 -> 1224
A52: 7 | B52: Tougher Defense | C52: In siege defense, Archer's HP increased by 6% | D52: 382 | E52: 401 | F52: =SUM(D52:E52) -> 783 | G52: =G51+F52 -> 2007
A53: 8 | B53: Encircle | C53: When reinforcing allies in their castles, Archer's Might increased by 1% | D53: 236 | F53: =SUM(D53:E53) -> 236 | G53: =G52+F53 -> 2243
A54: 9 | B54: Perseverance | C54: For squads with Archers, Siege Defense Might increased by 1% | D54: 248 | F54: =SUM(D54:E54) -> 248 | G54: =G53+F54 -> 2491
A55: 10 | B55: Encircle | C55: When reinforcing allies in their castles, Archer's Might increased by 1% | D55: 260 | F55: =SUM(D55:E55) -> 260 | G55: =G54+F55 -> 2751
A56: 11 | B56: Perseverance | C56: For squads with Archers, Siege Defense Might increased by 1% | D56: 273 | F56: =SUM(D56:E56) -> 273 | G56: =G55+F56 -> 3024
A57: 12 | B57: Encircle | C57: When reinforcing allies in their castles, Archer's Might increased by 1% | D57: 287 | F57: =SUM(D57:E57) -> 287 | G57: =G56+F57 -> 3311
A58: 13 | B58: Perseverance | C58: For squads with Archers, Siege Defense Might increased by 1% | D58: 301 | F58: =SUM(D58:E58) -> 301 | G58: =G57+F58 -> 3612
A59: 14 | B59: Perseverance | C59: For squads with Archers, Siege Defense Might increased by 1% | D59: 248 | F59: =SUM(D59:E59) -> 248 | G59: =G58+F59 -> 3860
A60: 15 | B60: Interception | C60: When reinforcing allies in their castles, Archer's Resistance increased by 1% | D60: 236 | F60: =SUM(D60:E60) -> 236 | G60: =G59+F60 -> 4096
A61: 16 | B61: Stronghold | C61: For squads with Archers, Siege Defense Resistance increased by 1% | D61: 248 | F61: =SUM(D61:E61) -> 248 | G61: =G60+F61 -> 4344
A62: 17 | B62: City Defense Tactics | C62: In siege defense, Archer's Tactical Might and Tactical Resistance increased by 5% | D62: 1172 | F62: =SUM(D62:E62) -> 1172 | G62: =G61+F62 -> 5516
A63: 18 | B63: Stronghold | C63: For squads with Archers, Siege Defense Resistance increased by 1% | D63: 248 | F63: =SUM(D63:E63) -> 248 | G63: =G62+F63 -> 5764
A64: 19 | B64: Interception | C64: When reinforcing allies in their castles, Archer's Resistance increased by 1% | D64: 260 | F64: =SUM(D64:E64) -> 260 | G64: =G63+F64 -> 6024
... A67: 22 | B67: Stronghold | C67: For squads with Archers, Siege Defense Resistance increased by 1% | D67: 301 | F67: =SUM(D67:E67) -> 301 | G67: =G66+F67 -> 6885
A68: 23 | B68: Tougher Defense | C68: In siege defense, Archer's HP increased by 6% | D68: 538 | E68: 565 | F68: =SUM(D68:E68) -> 1103 | G68: =G67+F68 -> 7988
D69: 25 | F69: =SUM(F46:F68) -> 7988 | G69: =G68 -> 7988
A71: Neat Formation I
B73: Skill | C73: BUFF | D73: Level 1 | E73: Level 2 | F73: TOTAL | G73: Progress Tracker
A74: 1 | B74: Secret Intel | C74: Mid-row Archer squad's Tactical Resistance increased by 1% | D74: 226 | F74: =SUM(D74:E74) -> 226 | G74: =F74 -> 226
A75: 2 | B75: Great Courage | C75: Mid-row Archer squad's Might increased by 1% | D75: 238 | F75: =SUM(D75:E75) -> 238 | G75: =G74+F75 -> 464
A76: 3 | B76: Great Courage | C76: Mid-row Archer squad's Might increased by 1% | D76: 249 | F76: =SUM(D76:E76) -> 249 | G76: =G75+F76 -> 713
A77: 4 | B77: Great Courage | C77: Mid-row Archer squad's Might increased by 1% | D77: 262 | F77: =SUM(D77:E77) -> 262 | G77: =G76+F77 -> 975
A78: 5 | B78: Solid Defense | C78: Mid-row Archer squad's Resistance increased by 1% | D78: 238 | F78: =SUM(D78:E78) -> 238 | G78: =G77+F78 -> 1213
A79: 6 | B79: Solid Defense | C79: Mid-row Archer squad's Resistance increased by 1% | D79: 249 | F79: =SUM(D79:E79) -> 249 | G79: =G78+F79 -> 1462
A80: 7 | B80: Solid Defense | C80: Mid-row Archer squad's Resistance increased by 1% | D80: 262 | F80: =SUM(D80:E80) -> 262 | G80: =G79+F80 -> 1724
A81: 8 | B81: Smart Scheme | C81: Mid-row Archer squad's Tactical Might increased by 1% | D81: 275 | F81: =SUM(D81:E81) -> 275 | G81: =G80+F81 -> 1999
A82: 9 | B82: Great Vitality | C82: Mid-row Archer squad's HP increased by 6% | D82: 491 | E82: 516 | F82: =SUM(D82:E82) -> 1007 | G82: =G81+F82 -> 3006
A83: 10 | B83: Vanguard's Intel | C83: Front-row Archer squad's Tactical Resistance increased by 1% | D83: 226 | F83: =SUM(D83:E83) -> 226 | G83: =G82+F83 -> 3232
A84: 11 | B84: Frontal Defense | C84: Front-row Archer squad's Resistance increased by 1% | D84: 238 | F84: =SUM(D84:E84) -> 238 | G84: =G83+F84 -> 3470
A85: 12 | B85: Frontal Defense | C85: Front-row Archer squad's Resistance increased by 1% | D85: 249 | F85: =SUM(D85:E85) -> 249 | G85: =G84+F85 -> 3719
A86: 13 | B86: Frontal Defense | C86: Front-row Archer squad's Resistance increased by 1% | D86: 262 | F86: =SUM(D86:E86) -> 262 | G86: =G85+F86 -> 3981
A87: 14 | B87: Vanguard's Courage | C87: Front-row Archer squad's Might increased by 1% | D87: 238 | F87: =SUM(D87:E87) -> 238 | G87: =G86+F87 -> 4219
A88: 15 | B88: Vanguard's Courage | C88: Front-row Archer squad's Might increased by 1% | D88: 249 | F88: =SUM(D88:E88) -> 249 | G88: =G87+F88 -> 4468
A89: 16 | B89: Vanguard's Courage | C89: Front-row Archer squad's Might increased by 1% | D89: 262 | F89: =SUM(D89:E89) -> 262 | G89: =G88+F89 -> 4730
A90: 17 | B90: Vanguard's Scheme | C90: Front-row Archer squad's Tactical Might increased by 1% | D90: 275 | F90: =SUM(D90:E90) -> 275 | G90: =G89+F90 -> 5005
A91: 18 | B91: Vanguard's Vitality | C91: Front-row Archer squad's HP increased by 6% | D91: 491 | E91: 516 | F91: =SUM(D91:E91) -> 1007 | G91: =G90+F91 -> 6012
A92: 19 | B92: Weaken the Weakness I | C92: In round 5, (the number of Archer squads of the Legion *20%) chance to make the enemy squad with the lowest troop power take +10% Physical Damage, lasting 2 rounds | D92: 1366 | F92: =SUM(D92:E92) -> 1366 | G92: =G91+F92 -> 7378
A93: 20 | B93: Rearguard's Intel | C93: Back-row Archer squad's Tactical Resistance increased by 1% | D93: 226 | F93: =SUM(D93:E93) -> 226 | G93: =G92+F93 -> 7604
A94: 21 | B94: Rearguard's Courage | C94: Back-row Archer squad's Might increased by 1% | D94: 238 | F94: =SUM(D94:E94) -> 238 | G94: =G93+F94 -> 7842
A95: 22 | B95: Rearguard's Courage | C95: Back-row Archer squad's Might increased by 1% | D95: 249 | F95: =SUM(D95:E95) -> 249 | G95: =G94+F95 -> 8091
A96: 23 | B96: Rearguard's Courage | C96: Back-row Archer squad's Might increased by 1% | D96: 262 | F96: =SUM(D96:E96) -> 262 | G96: =G95+F96 -> 8353
A97: 24 | B97: Rearguard's Defense | C97: Back-row Archer squad's Resistance increased by 1% | D97: 238 | F97: =SUM(D97:E97) -> 238 | G97: =G96+F97 -> 8591
A98: 25 | B98: Rearguard's Defense | C98: Back-row Archer squad's Resistance increased by 1% | D98: 249 | F98: =SUM(D98:E98) -> 249 | G98: =G97+F98 -> 8840
A99: 26 | B99: Rearguard's Defense | C99: Back-row Archer squad's Resistance increased by 1% | D99: 262 | F99: =SUM(D99:E99) -> 262 | G99: =G98+F99 -> 9102
A100: 27 | B100: Rearguard's Scheme | C100: Back-row Archer squad's Tactical Might increased by 1% | D100: 275 | F100: =SUM(D100:E100) -> 275 | G100: =G99+F100 -> 9377
A101: 28 | B101: Rearguard's Vitality | C101: Back-row Archer squad's HP increased by 6% | D101: 491 | E101: 516 | F101: =SUM(D101:E101) -> 1007 | G101: =G100+F101 -> 10384
D102: 31 | F102: =SUM(F74:F101) -> 10384 | G102: =G101 -> 10384

Sheet Footman Training III
A1: Footman Training III
B3: Skill | C3: BUFF | D3: Level 1 | E3: Level 2 | F3: TOTAL | G3: Progress Tracker
A4: 1 | B4: Courage | C4: For squads with Footmen, Might increased by 1% | D4: 178 | F4: =SUM(D4:E4) -> 178 | G4: =F4 -> 178
A5: 2 | B5: Courage | C5: For squads with Footmen, Might increased by 1% | D5: 187 | F5: =SUM(D5:E5) -> 187 | G5: =G4+F5 -> 365
A6: 3 | B6: Courage | C6: For squads with Footmen, Might increased by 1% | D6: 197 | F6: =SUM(D6:E6) -> 197 | G6: =G5+F6 -> 562
A7: 4 | B7: Courage | C7: For squads with Footmen, Might increased by 1% | D7: 206 | F7: =SUM(D7:E7) -> 206 | G7: =G6+F7 -> 768
A8: 5 | B8: Courage | C8: For squads with Footmen, Might increased by 1% | D8: 217 | F8: =SUM(D8:E8) -> 217 | G8: =G7+F8 -> 985
A9: 6 | B9: Courage | C9: For squads with Footmen, Might increased by 1% | D9: 228 | F9: =SUM(D9:E9) -> 228 | G9: =G8+F9 -> 1213
A10: 7 | B10: Energetic | C10: Footman's Base HP increased by 2% | D10: 407 | E10: 427 | F10: =SUM(D10:E10) -> 834 | G10: =G9+F10 -> 2047
A11: 8 | B11: Revival | C11: For squads with Footmen, HP increased by 1% | D11: 178 | F11: =SUM(D11:E11) -> 178 | G11: =G10+F11 -> 2225
A12: 9 | B12: Revival | C12: For squads with Footmen, HP increased by 1% | D12: 187 | F12: =SUM(D12:E12) -> 187 | G12: =G11+F12 -> 2412
A13: 10 | B13: Defense | C13: For squads with Footmen, Resistance increased by 1% | D13: 178 | F13: =SUM(D13:E13) -> 178 | G13: =G12+F13 -> 2590
A14: 11 | B14: Defense | C14: For squads with Footmen, Resistance increased by 1% | D14: 187 | F14: =SUM(D14:E14) -> 187 | G14: =G13+F14 -> 2777
A15: 12 | B15: Defense | C15: For squads with Footmen, Resistance increased by 1% | D15: 197 | F15: =SUM(D15:E15) -> 197 | G15: =G14+F15 -> 2974
A16: 13 | B16: Defense | C16: For squads with Footmen, Resistance increased by 1% | D16: 206 | F16: =SUM(D16:E16) -> 206 | G16: =G15+F16 -> 3180
A17: 14 | B17: Defense | C17: For squads with Footmen, Resistance increased by 1% | D17: 217 | F17: =SUM(D17:E17) -> 217 | G17: =G16+F17 -> 3397
A18: 15 | B18: Defense | C18: For squads with Footmen, Resistance increased by 1% | D18: 228 | F18: =SUM(D18:E18) -> 228 | G18: =G17+F18 -> 3625
A19: 16 | B19: Frenzy Fighter | C19: Footman's Base Might increased by 2% | D19: 407 | E19: 427 | F19: =SUM(D19:E19) -> 834 | G19: =G18+F19 -> 4459
A20: 17 | B20: Persistence in Danger | C20: For every 25% troop power loss, 50% chance to make the Skill and Physical Damage you take -10%, lasting 2 rounds | D20: 1131 | F20: =SUM(D20:E20) -> 1131 | G20: =G19+F20 -> 5590
D21: 19 | F21: =SUM(F4:F20) -> 5590 | G21: =G20 -> 5590
A23: Encounter Battle II
B25: Skill | C25: BUFF | D25: Level 1 | E25: Level 2 | F25: TOTAL | G25: Progress Tracker
A26: 1 | B26: Extermination | C26: Footman's Resistance in non-siege battles increased by 1% | D26: 268 | F26: =SUM(D26:E26) -> 268 | G26: =F26 -> 268
A27: 2 | B27: Extermination | C27: Footman's Resistance in non-siege battles increased by 1% | D27: 281 | F27: =SUM(D27:E27) -> 281 | G27: =G26+F27 -> 549
A28: 3 | B28: Extermination | C28: Footman's Resistance in non-siege battles increased by 1% | D28: 295 | F28: =SUM(D28:E28) -> 295 | G28: =G27+F28 -> 844
A29: 4 | B29: Raid | C29: Footman's Might in non-siege battles increased by 1% | D29: 268 | F29: =SUM(D29:E29) -> 268 | G29: =G28+F29 -> 1112
A30: 5 | B30: Raid | C30: Footman's Might in non-siege battles increased by 1% | D30: 281 | F30: =SUM(D30:E30) -> 281 | G30: =G29+F30 -> 1393
A31: 6 | B31: Raid | C31: Footman's Might in non-siege battles increased by 1% | D31: 295 | F31: =SUM(D31:E31) -> 295 | G31: =G30+F31 -> 1688
A32: 7 | B32: Raid | C32: Footman's Might in non-siege battles increased by 1% | D32: 310 | F32: =SUM(D32:E32) -> 310 | G32: =G31+F32 -> 1998
A33: 8 | B33: Survival in the Wild | C33: Footman's HP in non-siege battles increased by 6% | D33: 553 | E33: 581 | F33: =SUM(D33:E33) -> 1134 | G33: =G32+F33 -> 3132
A34: 9 | B34: Extermination | C34: Footman's Resistance in non-siege battles increased by 1% | D34: 342 | F34: =SUM(D34:E34) -> 342 | G34: =G33+F34 -> 3474
A35: 10 | B35: Ambush in the Wild | C35: Footman's Tactical Might in non-siege battles increased by 1% | D35: 359 | F35: =SUM(D35:E35) -> 359 | G35: =G34+F35 -> 3833
A36: 11 | B36: Extermination | C36: Footman's Resistance in non-siege battles increased by 1% | D36: 377 | F36: =SUM(D36:E36) -> 377 | G36: =G35+F36 -> 4210
A37: 12 | B37: Cooperation | C37: When joining rally attacks, Footmen Might increased by 1% | D37: 396 | F37: =SUM(D37:E37) -> 396 | G37: =G36+F37 -> 4606
A38: 13 | B38: Extermination | C38: Footman's Resistance in non-siege battles increased by 1% | D38: 415 | F38: =SUM(D38:E38) -> 415 | G38: =G37+F38 -> 5021
A39: 14 | B39: Ambush in the Wild | C39: Footman's Tactical Might in non-siege battles increased by 1% | D39: 436 | F39: =SUM(D39:E39) -> 436 | G39: =G38+F39 -> 5457
A40: 15 | B40: Extermination | C40: Footman's Resistance in non-siege battles increased by 1% | D40: 458 | F40: =SUM(D40:E40) -> 458 | G40: =G39+F40 -> 5915
A41: 16 | B41: Raid | C41: Footman's Might in non-siege battles increased by 1% | D41: 342 | F41: =SUM(D41:E41) -> 342 | G41: =G40+F41 -> 6257
A42: 17 | B42: Field Intel | C42: Footman's Tactical Resistance in non-siege battles increased by 1% | D42: 359 | F42: =SUM(D42:E42) -> 359 | G42: =G41+F42 -> 6616
A43: 18 | B43: Raid | C43: Footman's Might in non-siege battles increased by 1% | D43: 377 | F43: =SUM(D43:E43) -> 377 | G43: =G42+F43 -> 6993
A44: 19 | B44: Solidarity | C44: When joining rally attacks, Footman's Resistance increased by 1% | D44: 396 | F44: =SUM(D44:E44) -> 396 | G44: =G43+F44 -> 7389
A45: 20 | B45: Raid | C45: Footman's Might in non-siege battles increased by 1% | D45: 415 | F45: =SUM(D45:E45) -> 415 | G45: =G44+F45 -> 7804
... A49: 24 | B49: Extermination | C49: Footman's Resistance in non-siege battles increased by 1% | D49: 325 | F49: =SUM(D49:E49) -> 325 | G49: =G48+F49 -> 11189
D50: 25 | F50: =SUM(F26:F49) -> 11189 | G50: =G49 -> 11189
A52: Call of Glory II
B54: Skill | C54: BUFF | D54: Level 1 | E54: Level 2 | F54: TOTAL | G54: Progress Tracker
A55: 1 | B55: March | C55: After entering the battlefield, Footman's Might increased by 1% | D55: 356 | F55: =SUM(D55:E55) -> 356 | G55: =F55 -> 356
A56: 2 | B56: March | C56: After entering the battlefield, Footman's Might increased by 1% | D56: 374 | F56: =SUM(D56:E56) -> 374 | G56: =G55+F56 -> 730
A57: 3 | B57: March | C57: After entering the battlefield, Footman's Might increased by 1% | D57: 393 | F57: =SUM(D57:E57) -> 393 | G57: =G56+F57 -> 1123
A58: 4 | B58: March | C58: After entering the battlefield, Footman's Might increased by 1% | D58: 413 | F58: =SUM(D58:E58) -> 413 | G58: =G57+F58 -> 1536
A59: 5 | B59: March | C59: After entering the battlefield, Footman's Might increased by 1% | D59: 413 | F59: =SUM(D59:E59) -> 413 | G59: =G58+F59 -> 1949
A60: 6 | B60: March | C60: After entering the battlefield, Footman's Might increased by 1% | D60: 433 | F60: =SUM(D60:E60) -> 433 | G60: =G59+F60 -> 2382
A61: 7 | B61: Cooperation | C61: When joining rally attacks, Footmen Might increased by 1% | D61: 455 | F61: =SUM(D61:E61) -> 455 | G61: =G60+F61 -> 2837
A62: 8 | B62: Unyielding | C62: After entering the battlefield, Footman's Resistance increased by 1% | D62: 356 | F62: =SUM(D62:E62) -> 356 | G62: =G61+F62 -> 3193
A63: 9 | B63: Unyielding | C63: After entering the battlefield, Footman's Resistance increased by 1% | D63: 374 | F63: =SUM(D63:E63) -> 374 | G63: =G62+F63 -> 3567
A64: 10 | B64: Unyielding | C64: After entering the battlefield, Footman's Resistance increased by 1% | D64: 393 | F64: =SUM(D64:E64) -> 393 | G64: =G63+F64 -> 3960
A65: 11 | B65: Unyielding | C65: After entering the battlefield, Footman's Resistance increased by 1% | D65: 413 | F65: =SUM(D65:E65) -> 413 | G65: =G64+F65 -> 4373
A66: 12 | B66: Unyielding | C66: After entering the battlefield, Footman's Resistance increased by 1% | D66: 413 | F66: =SUM(D66:E66) -> 413 | G66: =G65+F66 -> 4786
A67: 13 | B67: Unyielding | C67: After entering the battlefield, Footman's Resistance increased by 1% | D67: 433 | F67: =SUM(D67:E67) -> 433 | G67: =G66+F67 -> 5219
A68: 14 | B68: Battlefield Revival | C68: After entering the battlefield, Footman's HP increased by 6% | D68: 737 | E68: 774 | F68: =SUM(D68:E68) -> 1511 | G68: =G67+F68 -> 6730
A69: 15 | B69: Stronghold | C69: In Reign of Chaos seasons, Footman's Resistance increased by 1% | D69: 356 | F69: =SUM(D69:E69) -> 356 | G69: =G68+F69 -> 7086
A70: 16 | B70: Stronghold | C70: In Reign of Chaos seasons, Footman's Resistance increased by 1% | D70: 374 | F70: =SUM(D70:E70) -> 374 | G70: =G69+F70 -> 7460
A71: 17 | B71: Stronghold | C71: In Reign of Chaos seasons, Footman's Resistance increased by 1% | D71: 393 | F71: =SUM(D71:E71) -> 393 | G71: =G70+F71 -> 7853
A72: 18 | B72: Stronghold | C72: In Reign of Chaos seasons, Footman's Resistance increased by 1% | D72: 413 | F72: =SUM(D72:E72) -> 413 | G72: =G71+F72 -> 8266
A73: 19 | B73: Logistics Support | C73: In Reign of Chaos seasons, Footman's HP increased by 6% | D73: 737 | E73: 774 | F73: =SUM(D73:E73) -> 1511 | G73: =G72+F73 -> 9777
A74: 20 | B74: Stronghold | C74: In Reign of Chaos seasons, Footman's Resistance increased by 1% | D74: 413 | F74: =SUM(D74:E74) -> 413 | G74: =G73+F74 -> 10190
A75: 21 | B75: Stronghold | C75: In Reign of Chaos seasons, Footman's Resistance increased by 1% | D75: 433 | F75: =SUM(D75:E75) -> 433 | G75: =G74+F75 -> 10623
A76: 22 | B76: Charge | C76: In Reign of Chaos seasons, Footman's Might increased by 1% | D76: 356 | F76: =SUM(D76:E76) -> 356 | G76: =G75+F76 -> 10979
A77: 23 | B77: Charge | C77: In Reign of Chaos seasons, Footman's Might increased by 1% | D77: 374 | F77: =SUM(D77:E77) -> 374 | G77: =G76+F77 -> 11353
A78: 24 | B78: Charge | C78: In Reign of Chaos seasons, Footman's Might increased by 1% | D78: 393 | F78: =SUM(D78:E78) -> 393 | G78: =G77+F78 -> 11746
A79: 25 | B79: Charge | C79: In Reign of Chaos seasons, Footman's Might increased by 1% | D79: 413 | F79: =SUM(D79:E79) -> 413 | G79: =G78+F79 -> 12159
A80: 26 | B80: Charge | C80: In Reign of Chaos seasons, Footman's Might increased by 1% | D80: 413 | F80: =SUM(D80:E80) -> 413 | G80: =G79+F80 -> 12572
A81: 27 | B81: Charge | C81: In Reign of Chaos seasons, Footman's Might increased by 1% | D81: 433 | F81: =SUM(D81:E81) -> 433 | G81: =G80+F81 -> 13005
A82: 28 | B82: Solidarity | C82: When joining rally attacks, Footman's Resistance increased by 1% | D82: 455 | F82: =SUM(D82:E82) -> 455 | G82: =G81+F82 -> 13460
A83: 29 | B83: Vanguard's Blessing II | C83: In round 2, (the number of Footman squads of the Legion *8%) chance to magnify the restoring effect of your front-row Footman squad by 10% for 1 round(s) | D83: 2049 | F83: =SUM(D83:E83) -> 2049 | G83: =G82+F83 -> 15509
D84: 31 | F84: =SUM(F55:F83) -> 15509 | G84: =G83 -> 15509
A86: Enhanced Tactics II
B88: Skill | C88: BUFF | D88: Level 1 | E88: Level 2 | F88: TOTAL | G88: Progress Tracker
A89: 1 | B89: Defense Intel | C89: In siege defense, Footman's Tactical Resistance increased by 1% | D89: 431 | F89: =SUM(D89:E89) -> 431 | G89: =F89 -> 431
A90: 2 | B90: Defense Intel | C90: In siege defense, Footman's Tactical Resistance increased by 1% | D90: 453 | F90: =SUM(D90:E90) -> 453 | G90: =G89+F90 -> 884
A91: 3 | B91: Defense Intel | C91: In siege defense, Footman's Tactical Resistance increased by 1% | D91: 476 | F91: =SUM(D91:E91) -> 476 | G91: =G90+F91 -> 1360
A92: 4 | B92: Defense Intel | C92: In siege defense, Footman's Tactical Resistance increased by 1% | D92: 500 | F92: =SUM(D92:E92) -> 500 | G92: =G91+F92 -> 1860
A93: 5 | B93: Defense Intel | C93: In siege defense, Footman's Tactical Resistance increased by 1% | D93: 525 | F93: =SUM(D93:E93) -> 525 | G93: =G92+F93 -> 2385
A94: 6 | B94: Defense Plan | C94: In siege defense, Footman's Tactical Might increased by 1% | D94: 551 | F94: =SUM(D94:E94) -> 551 | G94: =G93+F94 -> 2936
A95: 7 | B95: Defense Plan | C95: In siege defense, Footman's Tactical Might increased by 1% | D95: 578 | F95: =SUM(D95:E95) -> 578 | G95: =G94+F95 -> 3514
A96: 8 | B96: Defense Plan | C96: In siege defense, Footman's Tactical Might increased by 1% | D96: 607 | F96: =SUM(D96:E96) -> 607 | G96: =G95+F96 -> 4121
A97: 9 | B97: Defense Plan | C97: In siege defense, Footman's Tactical Might increased by 1% | D97: 431 | F97: =SUM(D97:E97) -> 431 | G97: =G96+F97 -> 4552
A98: 10 | B98: Defense Plan | C98: In siege defense, Footman's Tactical Might increased by 1% | D98: 453 | F98: =SUM(D98:E98) -> 453 | G98: =G97+F98 -> 5005
A99: 11 | B99: Vanguard's Defense | C99: When initiating rally attacks, all Footmen's Resistance in the formation increased by 1% | D99: 476 | F99: =SUM(D99:E99) -> 476 | G99: =G98+F99 -> 5481
A100: 12 | B100: Siege Plan | C100: In siege attacks, Footman's Tactical Might increased by 1% | D100: 431 | F100: =SUM(D100:E100) -> 431 | G100: =G99+F100 -> 5912
A101: 13 | B101: Siege Plan | C101: In siege attacks, Footman's Tactical Might increased by 1% | D101: 453 | F101: =SUM(D101:E101) -> 453 | G101: =G100+F101 -> 6365
... A109: 21 | B109: Siege Intel | C109: In siege attacks, Footman's Tactical Resistance increased by 1% | D109: 525 | F109: =SUM(D109:E109) -> 525 | G109: =G108+F109 -> 10251
A110: 22 | B110: Revival | C110: For squads with Footmen, HP increased by 6% | D110: 937 | E110: 984 | F110: =SUM(D110:E110) -> 1921 | G110: =G109+F110 -> 12172
A111: 23 | B111: Field Intel | C111: Footman's Tactical Resistance in non-siege battles increased by 1% | D111: 431 | F111: =SUM(D111:E111) -> 431 | G111: =G110+F111 -> 12603
A112: 24 | B112: Field Intel | C112: Footman's Tactical Resistance in non-siege battles increased by 1% | D112: 453 | F112: =SUM(D112:E112) -> 453 | G112: =G111+F112 -> 13056
A113: 25 | B113: Ambush in the Wild | C113: Footman's Tactical Might in non-siege battles increased by 1% | D113: 431 | F113: =SUM(D113:E113) -> 431 | G113: =G112+F113 -> 13487
A114: 26 | B114: Ambush in the Wild | C114: Footman's Tactical Might in non-siege battles increased by 1% | D114: 453 | F114: =SUM(D114:E114) -> 453 | G114: =G113+F114 -> 13940
A115: 27 | B115: Ambush in the Wild | C115: Footman's Tactical Might in non-siege battles increased by 1% | D115: 476 | F115: =SUM(D115:E115) -> 476 | G115: =G114+F115 -> 14416
A116: 28 | B116: Ambush in the Wild | C116: Footman's Tactical Might in non-siege battles increased by 1% | D116: 500 | F116: =SUM(D116:E116) -> 500 | G116: =G115+F116 -> 14916
A117: 29 | B117: Ambush in the Wild | C117: Footman's Tactical Might in non-siege battles increased by 1% | D117: 525 | F117: =SUM(D117:E117) -> 525 | G117: =G116+F117 -> 15441
...

Sheet Cavalry Training III
A1: Cavalry Training III
B3: Skill | C3: BUFF | D3: Level 1 | E3: Level 2 | F3: TOTAL | G3: Progress Tracker
A4: 1 | B4: Defense | C4: For squads with Cavalry, Resistance increased by 1% | D4: 178 | F4: =SUM(D4:E4) -> 178 | G4: =F4 -> 178
A5: 2 | B5: Defense | C5: For squads with Cavalry, Resistance increased by 1% | D5: 187 | F5: =SUM(D5:E5) -> 187 | G5: =G4+F5 -> 365
A6: 3 | B6: Defense | C6: For squads with Cavalry, Resistance increased by 1% | D6: 197 | F6: =SUM(D6:E6) -> 197 | G6: =G5+F6 -> 562
A7: 4 | B7: Defense | C7: For squads with Cavalry, Resistance increased by 1% | D7: 206 | F7: =SUM(D7:E7) -> 206 | G7: =G6+F7 -> 768
A8: 5 | B8: Defense | C8: For squads with Cavalry, Resistance increased by 1% | D8: 217 | F8: =SUM(D8:E8) -> 217 | G8: =G7+F8 -> 985
A9: 6 | B9: Defense | C9: For squads with Cavalry, Resistance increased by 1% | D9: 228 | F9: =SUM(D9:E9) -> 228 | G9: =G8+F9 -> 1213
A10: 7 | B10: Frenzy Fighter | C10: Cavalry's Base Might increased by 2% | D10: 407 | E10: 427 | F10: =SUM(D10:E10) -> 834 | G10: =G9+F10 -> 2047
A11: 8 | B11: Revival | C11: For squads with Cavalry, HP increased by 1% | D11: 178 | F11: =SUM(D11:E11) -> 178 | G11: =G10+F11 -> 2225
A12: 9 | B12: Revival | C12: For squads with Cavalry, HP increased by 1% | D12: 187 | F12: =SUM(D12:E12) -> 187 | G12: =G11+F12 -> 2412
A13: 10 | B13: Courage | C13: For squads with Cavalry, Might increased by 1% | D13: 178 | F13: =SUM(D13:E13) -> 178 | G13: =G12+F13 -> 2590
A14: 11 | B14: Courage | C14: For squads with Cavalry, Might increased by 1% | D14: 187 | F14: =SUM(D14:E14) -> 187 | G14: =G13+F14 -> 2777
A15: 12 | B15: Courage | C15: For squads with Cavalry, Might increased by 1% | D15: 197 | F15: =SUM(D15:E15) -> 197 | G15: =G14+F15 -> 2974
A16: 13 | B16: Courage | C16: For squads with Cavalry, Might increased by 1% | D16: 206 | F16: =SUM(D16:E16) -> 206 | G16: =G15+F16 -> 3180
A17: 14 | B17: Courage | C17: For squads with Cavalry, Might increased by 1% | D17: 217 | F17: =SUM(D17:E17) -> 217 | G17: =G16+F17 -> 3397
A18: 15 | B18: Courage | C18: For squads with Cavalry, Might increased by 1% | D18: 228 | F18: =SUM(D18:E18) -> 228 | G18: =G17+F18 -> 3625
A19: 16 | B19: Energetic | C19: Cavalry's Base HP increased by 2% | D19: 407 | E19: 427 | F19: =SUM(D19:E19) -> 834 | G19: =G18+F19 -> 4459
A20: 17 | B20: Mental Attack | C20: For every 25% troop power loss, 50% chance to steal 5% Skill and Phyisical Damage from 1 random enemy squads, lasting 2 rounds | D20: 1131 | F20: =SUM(D20:E20) -> 1131 | G20: =G19+F20 -> 5590
D21: 19 | F21: =SUM(F4:F20) -> 5590 | G21: =G20 -> 5590
A23: Encounter Battle II
B25: Skill | C25: BUFF | D25: Level 1 | E25: Level 2 | F25: TOTAL | G25: Progress Tracker
A26: 1 | B26: Raid | C26: Cavalry Might in non-siege battles increased by 1% | D26: 268 | F26: =SUM(D26:E26) -> 268 | G26: =F26 -> 268
A27: 2 | B27: Raid | C27: Cavalry Might in non-siege battles increased by 1% | D27: 281 | F27: =SUM(D27:E27) -> 281 | G27: =G26+F27 -> 549
A28: 3 | B28: Raid | C28: Cavalry Might in non-siege battles increased by 1% | D28: 295 | F28: =SUM(D28:E28) -> 295 | G28: =G27+F28 -> 844
A29: 4 | B29: Extermination | C29: Cavalry's Resistance in non-siege battles increased by 1% | D29: 268 | F29: =SUM(D29:E29) -> 268 | G29: =G28+F29 -> 1112
A30: 5 | B30: Extermination | C30: Cavalry's Resistance in non-siege battles increased by 1% | D30: 281 | F30: =SUM(D30:E30) -> 281 | G30: =G29+F30 -> 1393
A31: 6 | B31: Extermination | C31: Cavalry's Resistance in non-siege battles increased by 1% | D31: 295 | F31: =SUM(D31:E31) -> 295 | G31: =G30+F31 -> 1688
A32: 7 | B32: Raid | C32: Cavalry Might in non-siege battles increased by 1% | D32: 310 | F32: =SUM(D32:E32) -> 310 | G32: =G31+F32 -> 1998
A33: 8 | B33: Survival in the Wild | C33: Cavalry's HP in non-siege battles increased by 6% | D33: 553 | E33: 581 | F33: =SUM(D33:E33) -> 1134 | G33: =G32+F33 -> 3132
A34: 9 | B34: Raid | C34: Cavalry Might in non-siege battles increased by 1% | D34: 342 | F34: =SUM(D34:E34) -> 342 | G34: =G33+F34 -> 3474
A35: 10 | B35: Field Intel | C35: Cavalry's Tactical Resistance in non-siege battles increased by 1% | D35: 359 | F35: =SUM(D35:E35) -> 359 | G35: =G34+F35 -> 3833
A36: 11 | B36: Raid | C36: Cavalry Might in non-siege battles increased by 1% | D36: 377 | F36: =SUM(D36:E36) -> 377 | G36: =G35+F36 -> 4210
A37: 12 | B37: Solidarity | C37: When joining rally attacks, Cavalry's Resistance increased by 1% | D37: 396 | F37: =SUM(D37:E37) -> 396 | G37: =G36+F37 -> 4606
A38: 13 | B38: Raid | C38: Cavalry Might in non-siege battles increased by 1% | D38: 415 | F38: =SUM(D38:E38) -> 415 | G38: =G37+F38 -> 5021
A39: 14 | B39: Field Intel | C39: Cavalry's Tactical Resistance in non-siege battles increased by 1% | D39: 436 | F39: =SUM(D39:E39) -> 436 | G39: =G38+F39 -> 5457
A40: 15 | B40: Raid | C40: Cavalry Might in non-siege battles increased by 1% | D40: 458 | F40: =SUM(D40:E40) -> 458 | G40: =G39+F40 -> 5915
A41: 16 | B41: Extermination | C41: Cavalry's Resistance in non-siege battles increased by 1% | D41: 342 | F41: =SUM(D41:E41) -> 342 | G41: =G40+F41 -> 6257
A42: 17 | B42: Ambush in the Wild | C42: Cavalry Tactical Might in non-siege battles increased by 1% | D42: 359 | F42: =SUM(D42:E42) -> 359 | G42: =G41+F42 -> 6616
A43: 18 | B43: Extermination | C43: Cavalry's Resistance in non-siege battles increased by 1% | D43: 377 | F43: =SUM(D43:E43) -> 377 | G43: =G42+F43 -> 6993
A44: 19 | B44: Cooperation | C44: When joining rally attacks, Cavalry Might increased by 1% | D44: 396 | F44: =SUM(D44:E44) -> 396 | G44: =G43+F44 -> 7389
A45: 20 | B45: Extermination | C45: Cavalry's Resistance in non-siege battles increased by 1% | D45: 415 | F45: =SUM(D45:E45) -> 415 | G45: =G44+F45 -> 7804
... A49: 24 | B49: Extermination | C49: Cavalry's Resistance in non-siege battles increased by 1% | D49: 325 | F49: =SUM(D49:E49) -> 325 | G49: =G48+F49 -> 11189
D50: 25 | F50: =SUM(F26:F49) -> 11189 | G50: =G49 -> 11189
A52: Call of Glory II
B54: Skill | C54: BUFF | D54: Level 1 | E54: Level 2 | F54: TOTAL | G54: Progress Tracker
A55: 1 | B55: Charge | C55: In Reign of Chaos seasons, Cavalry Might increased by 1% | D55: 356 | F55: =SUM(D55:E55) -> 356 | G55: =F55 -> 356
A56: 2 | B56: Charge | C56: In Reign of Chaos seasons, Cavalry Might increased by 1% | D56: 374 | F56: =SUM(D56:E56) -> 374 | G56: =G55+F56 -> 730
A57: 3 | B57: Charge | C57: In Reign of Chaos seasons, Cavalry Might increased by 1% | D57: 393 | F57: =SUM(D57:E57) -> 393 | G57: =G56+F57 -> 1123
A58: 4 | B58: Charge | C58: In Reign of Chaos seasons, Cavalry Might increased by 1% | D58: 413 | F58: =SUM(D58:E58) -> 413 | G58: =G57+F58 -> 1536
A59: 5 | B59: Charge | C59: In Reign of Chaos seasons, Cavalry Might increased by 1% | D59: 413 | F59: =SUM(D59:E59) -> 413 | G59: =G58+F59 -> 1949
A60: 6 | B60: Charge | C60: In Reign of Chaos seasons, Cavalry Might increased by 1% | D60: 433 | F60: =SUM(D60:E60) -> 433 | G60: =G59+F60 -> 2382
A61: 7 | B61: Solidarity | C61: When joining rally attacks, Cavalry's Resistance increased by 1% | D61: 455 | F61: =SUM(D61:E61) -> 455 | G61: =G60+F61 -> 2837
A62: 8 | B62: Stronghold | C62: In Reign of Chaos seasons, Cavalry's Resistance increased by 1% | D62: 356 | F62: =SUM(D62:E62) -> 356 | G62: =G61+F62 -> 3193
A63: 9 | B63: Stronghold | C63: In Reign of Chaos seasons, Cavalry's Resistance increased by 1% | D63: 374 | F63: =SUM(D63:E63) -> 374 | G63: =G62+F63 -> 3567
A64: 10 | B64: Stronghold | C64: In Reign of Chaos seasons, Cavalry's Resistance increased by 1% | D64: 393 | F64: =SUM(D64:E64) -> 393 | G64: =G63+F64 -> 3960
A65: 11 | B65: Stronghold | C65: In Reign of Chaos seasons, Cavalry's Resistance increased by 1% | D65: 413 | F65: =SUM(D65:E65) -> 413 | G65: =G64+F65 -> 4373
A66: 12 | B66: Stronghold | C66: In Reign of Chaos seasons, Cavalry's Resistance increased by 1% | D66: 413 | F66: =SUM(D66:E66) -> 413 | G66: =G65+F66 -> 4786
A67: 13 | B67: Stronghold | C67: In Reign of Chaos seasons, Cavalry's Resistance increased by 1% | D67: 433 | F67: =SUM(D67:E67) -> 433 | G67: =G66+F67 -> 5219
A68: 14 | B68: Revival in Chaos | C68: In Reign of Chaos seasons, Cavalry's HP increased by 6% | D68: 737 | E68: 774 | F68: =SUM(D68:E68) -> 1511 | G68: =G67+F68 -> 6730
A69: 15 | B69: Unyielding | C69: After entering the battlefield, Cavalry's Resistance increased by 1% | D69: 356 | F69: =SUM(D69:E69) -> 356 | G69: =G68+F69 -> 7086
A70: 16 | B70: Unyielding | C70: After entering the battlefield, Cavalry's Resistance increased by 1% | D70: 374 | F70: =SUM(D70:E70) -> 374 | G70: =G69+F70 -> 7460
A71: 17 | B71: Unyielding | C71: After entering the battlefield, Cavalry's Resistance increased by 1% | D71: 393 | F71: =SUM(D71:E71) -> 393 | G71: =G70+F71 -> 7853
A72: 18 | B72: Unyielding | C72: After entering the battlefield, Cavalry's Resistance increased by 1% | D72: 413 | F72: =SUM(D72:E72) -> 413 | G72: =G71+F72 -> 8266
A73: 19 | B73: Battlefield Revival | C73: After entering the battlefield, Cavalry HP increased by 6% | D73: 737 | E73: 774 | F73: =SUM(D73:E73) -> 1511 | G73: =G72+F73 -> 9777
A74: 20 | B74: Restart II | C74: In round 4, (the number of Cavalry squads of the Legion *8%) chance to remove the debuff on your back-row Cavalry squad instantly (excluding the debuffs from Pre-Battle Skills) | D74: 2049 | F74: =SUM(D74:E74) -> 2049 | G74: =G73+F74 -> 11826
A75: 21 | B75: Unyielding | C75: After entering the battlefield, Cavalry's Resistance increased by 1% | D75: 413 | F75: =SUM(D75:E75) -> 413 | G75: =G74+F75 -> 12239
A76: 22 | B76: Unyielding | C76: After entering the battlefield, Cavalry's Resistance increased by 1% | D76: 433 | F76: =SUM(D76:E76) -> 433 | G76: =G75+F76 -> 12672
A77: 23 | B77: March | C77: After entering the battlefield, Cavalry Might increased by 1% | D77: 356 | F77: =SUM(D77:E77) -> 356 | G77: =G76+F77 -> 13028
A78: 24 | B78: March | C78: After entering the battlefield, Cavalry Might increased by 1% | D78: 374 | F78: =SUM(D78:E78) -> 374 | G78: =G77+F78 -> 13402
A79: 25 | B79: March | C79: After entering the battlefield, Cavalry Might increased by 1% | D79: 393 | F79: =SUM(D79:E79) -> 393 | G79: =G78+F79 -> 13795
A80: 26 | B80: March | C80: After entering the battlefield, Cavalry Might increased by 1% | D80: 413 | F80: =SUM(D80:E80) -> 413 | G80: =G79+F80 -> 14208
A81: 27 | B81: March | C81: After entering the battlefield, Cavalry Might increased by 1% | D81: 413 | F81: =SUM(D81:E81) -> 413 | G81: =G80+F81 -> 14621
A82: 28 | B82: March | C82: After entering the battlefield, Cavalry Might increased by 1% | D82: 433 | F82: =SUM(D82:E82) -> 433 | G82: =G81+F82 -> 15054
A83: 29 | B83: Cooperation | C83: When joining rally attacks, Cavalry Might increased by 1% | D83: 455 | F83: =SUM(D83:E83) -> 455 | G83: =G82+F83 -> 15509
D84: 31 | F84: =SUM(F55:F83) -> 15509 | G84: =G83 -> 15509
A86: Enhanced Tactics II
B88: Skill | C88: BUFF | D88: Level 1 | E88: Level 2 | F88: TOTAL | G88: Progress Tracker
A89: 1 | B89: Ambush in the Wild | C89: Cavalry Tactical Might in non-siege battles increased by 1% | D89: 431 | F89: =SUM(D89:E89) -> 431 | G89: =F89 -> 431
A90: 2 | B90: Ambush in the Wild | C90: Cavalry Tactical Might in non-siege battles increased by 1% | D90: 453 | F90: =SUM(D90:E90) -> 453 | G90: =G89+F90 -> 884
A91: 3 | B91: Ambush in the Wild | C91: Cavalry Tactical Might in non-siege battles increased by 1% | D91: 476 | F91: =SUM(D91:E91) -> 476 | G91: =G90+F91 -> 1360
A92: 4 | B92: Ambush in the Wild | C92: Cavalry Tactical Might in non-siege battles increased by 1% | D92: 500 | F92: =SUM(D92:E92) -> 500 | G92: =G91+F92 -> 1860
A93: 5 | B93: Ambush in the Wild | C93: Cavalry Tactical Might in non-siege battles increased by 1% | D93: 525 | F93: =SUM(D93:E93) -> 525 | G93: =G92+F93 -> 2385
A94: 6 | B94: Field Intel | C94: Cavalry's Tactical Resistance in non-siege battles increased by 1% | D94: 551 | F94: =SUM(D94:E94) -> 551 | G94: =G93+F94 -> 2936
A95: 7 | B95: Field Intel | C95: Cavalry's Tactical Resistance in non-siege battles increased by 1% | D95: 578 | F95: =SUM(D95:E95) -> 578 | G95: =G94+F95 -> 3514
A96: 8 | B96: Field Intel | C96: Cavalry's Tactical Resistance in non-siege battles increased by 1% | D96: 607 | F96: =SUM(D96:E96) -> 607 | G96: =G95+F96 -> 4121
A97: 9 | B97: Field Intel | C97: Cavalry's Tactical Resistance in non-siege battles increased by 1% | D97: 431 | F97: =SUM(D97:E97) -> 431 | G97: =G96+F97 -> 4552
A98: 10 | B98: Field Intel | C98: Cavalry's Tactical Resistance in non-siege battles increased by 1% | D98: 453 | F98: =SUM(D98:E98) -> 453 | G98: =G97+F98 -> 5005
A99: 11 | B99: Vanguard's Courage | C99: When initiating rally attacks, all Cavalry's Might in the formation increased by 1% | D99: 476 | F99: =SUM(D99:E99) -> 476 | G99: =G98+F99 -> 5481
A100: 12 | B100: Siege Intel | C100: In siege attacks, Cavalry's Tactical Resistance increased by 1% | D100: 431 | F100: =SUM(D100:E100) -> 431 | G100: =G99+F100 -> 5912
A101: 13 | B101: Siege Intel | C101: In siege attacks, Cavalry's Tactical Resistance increased by 1% | D101: 453 | F101: =SUM(D101:E101) -> 453 | G101: =G100+F101 -> 6365
... A109: 21 | B109: Siege Plan | C109: In siege attacks, Cavalry's Tactical Might increased by 1% | D109: 525 | F109: =SUM(D109:E109) -> 525 | G109: =G108+F109 -> 10251
A110: 22 | B110: Revival | C110: For squads with Cavalry, HP increased by 6% | D110: 937 | E110: 984 | F110: =SUM(D110:E110) -> 1921 | G110: =G109+F110 -> 12172
A111: 23 | B111: Defense Plan | C111: In siege defense, Cavalry's Tactical Might increased by 1% | D111: 431 | F111: =SUM(D111:E111) -> 431 | G111: =G110+F111 -> 12603
A112: 24 | B112: Defense Plan | C112: In siege defense, Cavalry's Tactical Might increased by 1% | D112: 453 | F112: =SUM(D112:E112) -> 453 | G112: =G111+F112 -> 13056
A113: 25 | B113: Defense Intel | C113: In siege defense, Cavalry's Tactical Resistance increased by 1% | D113: 431 | F113: =SUM(D113:E113) -> 431 | G113: =G112+F113 -> 13487
A114: 26 | B114: Defense Intel | C114: In siege defense, Cavalry's Tactical Resistance increased by 1% | D114: 453 | F114: =SUM(D114:E114) -> 453 | G114: =G113+F114 -> 13940
A115: 27 | B115: Defense Intel | C115: In siege defense, Cavalry's Tactical Resistance increased by 1% | D115: 476 | F115: =SUM(D115:E115) -> 476 | G115: =G114+F115 -> 14416
A116: 28 | B116: Defense Intel | C116: In siege defense, Cavalry's Tactical Resistance increased by 1% | D116: 500 | F116: =SUM(D116:E116) -> 500 | G116: =G115+F116 -> 14916
A117: 29 | B117: Defense Intel | C117: In siege defense, Cavalry's Tactical Resistance increased by 1% | D117: 525 | F117: =SUM(D117:E117) -> 525 | G117: =G116+F117 -> 15441
...

Sheet Archer Training III
A1: Archer Training III
B3: Skill | C3: BUFF | D3: Level 1 | E3: Level 2 | F3: TOTAL | G3: Progress Tracker
A4: 1 | B4: Courage | C4: For squads with Archers, Might increased by 1% | D4: 178 | F4: =SUM(D4:E4) -> 178 | G4: =F4 -> 178
A5: 2 | B5: Courage | C5: For squads with Archers, Might increased by 1% | D5: 187 | F5: =SUM(D5:E5) -> 187 | G5: =G4+F5 -> 365
A6: 3 | B6: Courage | C6: For squads with Archers, Might increased by 1% | D6: 197 | F6: =SUM(D6:E6) -> 197 | G6: =G5+F6 -> 562
A7: 4 | B7: Courage | C7: For squads with Archers, Might increased by 1% | D7: 206 | F7: =SUM(D7:E7) -> 206 | G7: =G6+F7 -> 768
A8: 5 | B8: Courage | C8: For squads with Archers, Might increased by 1% | D8: 217 | F8: =SUM(D8:E8) -> 217 | G8: =G7+F8 -> 985
A9: 6 | B9: Courage | C9: For squads with Archers, Might increased by 1% | D9: 228 | F9: =SUM(D9:E9) -> 228 | G9: =G8+F9 -> 1213
A10: 7 | B10: Energetic | C10: Archer's Base HP increased by 2% | D10: 407 | E10: 427 | F10: =SUM(D10:E10) -> 834 | G10: =G9+F10 -> 2047
A11: 8 | B11: Revival | C11: For squads with Archers, HP increased by 1% | D11: 178 | F11: =SUM(D11:E11) -> 178 | G11: =G10+F11 -> 2225
A12: 9 | B12: Revival | C12: For squads with Archers, HP increased by 1% | D12: 187 | F12: =SUM(D12:E12) -> 187 | G12: =G11+F12 -> 2412
A13: 10 | B13: Defense | C13: For squads with Archers, Resistance increased by 1% | D13: 178 | F13: =SUM(D13:E13) -> 178 | G13: =G12+F13 -> 2590
A14: 11 | B14: Defense | C14: For squads with Archers, Resistance increased by 1% | D14: 187 | F14: =SUM(D14:E14) -> 187 | G14: =G13+F14 -> 2777
A15: 12 | B15: Defense | C15: For squads with Archers, Resistance increased by 1% | D15: 197 | F15: =SUM(D15:E15) -> 197 | G15: =G14+F15 -> 2974
A16: 13 | B16: Defense | C16: For squads with Archers, Resistance increased by 1% | D16: 206 | F16: =SUM(D16:E16) -> 206 | G16: =G15+F16 -> 3180
A17: 14 | B17: Defense | C17: For squads with Archers, Resistance increased by 1% | D17: 217 | F17: =SUM(D17:E17) -> 217 | G17: =G16+F17 -> 3397
A18: 15 | B18: Defense | C18: For squads with Archers, Resistance increased by 1% | D18: 228 | F18: =SUM(D18:E18) -> 228 | G18: =G17+F18 -> 3625
A19: 16 | B19: Frenzy Fighter | C19: Archer's Base Might increased by 2% | D19: 407 | E19: 427 | F19: =SUM(D19:E19) -> 834 | G19: =G18+F19 -> 4459
A20: 17 | B20: Extra Courage | C20: For every 25% troop power loss, 50% chance to make your squad deal +10% Skill and Physical Damage, lasting 2 rounds | D20: 1131 | F20: =SUM(D20:E20) -> 1131 | G20: =G19+F20 -> 5590
D21: 19 | F21: =SUM(F4:F20) -> 5590 | G21: =G20 -> 5590
A23: Encounter Battle II
B25: Skill | C25: BUFF | D25: Level 1 | E25: Level 2 | F25: TOTAL | G25: Progress Tracker
A26: 1 | B26: Extermination | C26: Archer's Resistance in non-siege battles increased by 1% | D26: 268 | F26: =SUM(D26:E26) -> 268 | G26: =F26 -> 268
A27: 2 | B27: Extermination | C27: Archer's Resistance in non-siege battles increased by 1% | D27: 281 | F27: =SUM(D27:E27) -> 281 | G27: =G26+F27 -> 549
A28: 3 | B28: Extermination | C28: Archer's Resistance in non-siege battles increased by 1% | D28: 295 | F28: =SUM(D28:E28) -> 295 | G28: =G27+F28 -> 844
A29: 4 | B29: Raid | C29: Archer's Might in non-siege battles increased by 1% | D29: 268 | F29: =SUM(D29:E29) -> 268 | G29: =G28+F29 -> 1112
A30: 5 | B30: Raid | C30: Archer's Might in non-siege battles increased by 1% | D30: 281 | F30: =SUM(D30:E30) -> 281 | G30: =G29+F30 -> 1393
A31: 6 | B31: Raid | C31: Archer's Might in non-siege battles increased by 1% | D31: 295 | F31: =SUM(D31:E31) -> 295 | G31: =G30+F31 -> 1688
A32: 7 | B32: Raid | C32: Archer's Might in non-siege battles increased by 1% | D32: 310 | F32: =SUM(D32:E32) -> 310 | G32: =G31+F32 -> 1998
A33: 8 | B33: Survival in the Wild | C33: Archer's HP in non-siege battles increased by 6% | D33: 553 | E33: 581 | F33: =SUM(D33:E33) -> 1134 | G33: =G32+F33 -> 3132
A34: 9 | B34: Extermination | C34: Archer's Resistance in non-siege battles increased by 1% | D34: 342 | F34: =SUM(D34:E34) -> 342 | G34: =G33+F34 -> 3474
A35: 10 | B35: Ambush in the Wild | C35: Archer's Tactical Might in non-siege battles increased by 1% | D35: 359 | F35: =SUM(D35:E35) -> 359 | G35: =G34+F35 -> 3833
A36: 11 | B36: Extermination | C36: Archer's Resistance in non-siege battles increased by 1% | D36: 377 | F36: =SUM(D36:E36) -> 377 | G36: =G35+F36 -> 4210
A37: 12 | B37: Cooperation | C37: When joining rally attacks, Archer's Might increased by 1% | D37: 396 | F37: =SUM(D37:E37) -> 396 | G37: =G36+F37 -> 4606
A38: 13 | B38: Extermination | C38: Archer's Resistance in non-siege battles increased by 1% | D38: 415 | F38: =SUM(D38:E38) -> 415 | G38: =G37+F38 -> 5021
A39: 14 | B39: Ambush in the Wild | C39: Archer's Tactical Might in non-siege battles increased by 1% | D39: 436 | F39: =SUM(D39:E39) -> 436 | G39: =G38+F39 -> 5457
A40: 15 | B40: Extermination | C40: Archer's Resistance in non-siege battles increased by 1% | D40: 458 | F40: =SUM(D40:E40) -> 458 | G40: =G39+F40 -> 5915
A41: 16 | B41: Raid | C41: Archer's Might in non-siege battles increased by 1% | D41: 342 | F41: =SUM(D41:E41) -> 342 | G41: =G40+F41 -> 6257
A42: 17 | B42: Field Intel | C42: Archer's Tactical Resistance in non-siege battles increased by 1% | D42: 359 | F42: =SUM(D42:E42) -> 359 | G42: =G41+F42 -> 6616
A43: 18 | B43: Raid | C43: Archer's Might in non-siege battles increased by 1% | D43: 377 | F43: =SUM(D43:E43) -> 377 | G43: =G42+F43 -> 6993
A44: 19 | B44: Solidarity | C44: When joining rally attacks, Archer's Resistance increased by 1% | D44: 396 | F44: =SUM(D44:E44) -> 396 | G44: =G43+F44 -> 7389
A45: 20 | B45: Raid | C45: Archer's Might in non-siege battles increased by 1% | D45: 415 | F45: =SUM(D45:E45) -> 415 | G45: =G44+F45 -> 7804
... A49: 24 | B49: Extermination | C49: Archer's Resistance in non-siege battles increased by 1% | D49: 325 | F49: =SUM(D49:E49) -> 325 | G49: =G48+F49 -> 11189
D50: 25 | F50: =SUM(F26:F49) -> 11189 | G50: =G49 -> 11189
A52: Call of Glory II
B54: Skill | C54: BUFF | D54: Level 1 | E54: Level 2 | F54: TOTAL | G54: Progress Tracker
A55: 1 | B55: March | C55: After entering the battlefield, Archer's Might increased by 1% | D55: 356 | F55: =SUM(D55:E55) -> 356 | G55: =F55 -> 356
A56: 2 | B56: March | C56: After entering the battlefield, Archer's Might increased by 1% | D56: 374 | F56: =SUM(D56:E56) -> 374 | G56: =G55+F56 -> 730
A57: 3 | B57: March | C57: After entering the battlefield, Archer's Might increased by 1% | D57: 393 | F57: =SUM(D57:E57) -> 393 | G57: =G56+F57 -> 1123
A58: 4 | B58: March | C58: After entering the battlefield, Archer's Might increased by 1% | D58: 413 | F58: =SUM(D58:E58) -> 413 | G58: =G57+F58 -> 1536
A59: 5 | B59: March | C59: After entering the battlefield, Archer's Might increased by 1% | D59: 413 | F59: =SUM(D59:E59) -> 413 | G59: =G58+F59 -> 1949
A60: 6 | B60: March | C60: After entering the battlefield, Archer's Might increased by 1% | D60: 433 | F60: =SUM(D60:E60) -> 433 | G60: =G59+F60 -> 2382
A61: 7 | B61: Cooperation | C61: When joining rally attacks, Archer's Might increased by 1% | D61: 455 | F61: =SUM(D61:E61) -> 455 | G61: =G60+F61 -> 2837
A62: 8 | B62: Unyielding | C62: After entering the battlefield, Archer's Resistance increased by 1% | D62: 356 | F62: =SUM(D62:E62) -> 356 | G62: =G61+F62 -> 3193
A63: 9 | B63: Unyielding | C63: After entering the battlefield, Archer's Resistance increased by 1% | D63: 374 | F63: =SUM(D63:E63) -> 374 | G63: =G62+F63 -> 3567
A64: 10 | B64: Unyielding | C64: After entering the battlefield, Archer's Resistance increased by 1% | D64: 393 | F64: =SUM(D64:E64) -> 393 | G64: =G63+F64 -> 3960
A65: 11 | B65: Unyielding | C65: After entering the battlefield, Archer's Resistance increased by 1% | D65: 413 | F65: =SUM(D65:E65) -> 413 | G65: =G64+F65 -> 4373
A66: 12 | B66: Unyielding | C66: After entering the battlefield, Archer's Resistance increased by 1% | D66: 413 | F66: =SUM(D66:E66) -> 413 | G66: =G65+F66 -> 4786
A67: 13 | B67: Unyielding | C67: After entering the battlefield, Archer's Resistance increased by 1% | D67: 433 | F67: =SUM(D67:E67) -> 433 | G67: =G66+F67 -> 5219
A68: 14 | B68: Battlefield Revival | C68: After entering the battlefield, Archer's HP increased by 6% | D68: 737 | E68: 774 | F68: =SUM(D68:E68) -> 1511 | G68: =G67+F68 -> 6730
A69: 15 | B69: Stronghold | C69: In Reign of Chaos seasons, Archer's Resistance increased by 1% | D69: 356 | F69: =SUM(D69:E69) -> 356 | G69: =G68+F69 -> 7086
A70: 16 | B70: Stronghold | C70: In Reign of Chaos seasons, Archer's Resistance increased by 1% | D70: 374 | F70: =SUM(D70:E70) -> 374 | G70: =G69+F70 -> 7460
A71: 17 | B71: Stronghold | C71: In Reign of Chaos seasons, Archer's Resistance increased by 1% | D71: 393 | F71: =SUM(D71:E71) -> 393 | G71: =G70+F71 -> 7853
A72: 18 | B72: Stronghold | C72: In Reign of Chaos seasons, Archer's Resistance increased by 1% | D72: 413 | F72: =SUM(D72:E72) -> 413 | G72: =G71+F72 -> 8266
A73: 19 | B73: Logistics Support | C73: In Reign of Chaos seasons, Archer's HP increased by 6% | D73: 737 | E73: 774 | F73: =SUM(D73:E73) -> 1511 | G73: =G72+F73 -> 9777
A74: 20 | B74: Stronghold | C74: In Reign of Chaos seasons, Archer's Resistance increased by 1% | D74: 413 | F74: =SUM(D74:E74) -> 413 | G74: =G73+F74 -> 10190
A75: 21 | B75: Stronghold | C75: In Reign of Chaos seasons, Archer's Resistance increased by 1% | D75: 433 | F75: =SUM(D75:E75) -> 433 | G75: =G74+F75 -> 10623
A76: 22 | B76: Charge | C76: In Reign of Chaos seasons, Archer's Might increased by 1% | D76: 356 | F76: =SUM(D76:E76) -> 356 | G76: =G75+F76 -> 10979
A77: 23 | B77: Charge | C77: In Reign of Chaos seasons, Archer's Might increased by 1% | D77: 374 | F77: =SUM(D77:E77) -> 374 | G77: =G76+F77 -> 11353
A78: 24 | B78: Charge | C78: In Reign of Chaos seasons, Archer's Might increased by 1% | D78: 393 | F78: =SUM(D78:E78) -> 393 | G78: =G77+F78 -> 11746
A79: 25 | B79: Charge | C79: In Reign of Chaos seasons, Archer's Might increased by 1% | D79: 413 | F79: =SUM(D79:E79) -> 413 | G79: =G78+F79 -> 12159
A80: 26 | B80: Charge | C80: In Reign of Chaos seasons, Archer's Might increased by 1% | D80: 413 | F80: =SUM(D80:E80) -> 413 | G80: =G79+F80 -> 12572
A81: 27 | B81: Charge | C81: In Reign of Chaos seasons, Archer's Might increased by 1% | D81: 433 | F81: =SUM(D81:E81) -> 433 | G81: =G80+F81 -> 13005
A82: 28 | B82: Solidarity | C82: When joining rally attacks, Archer's Resistance increased by 1% | D82: 455 | F82: =SUM(D82:E82) -> 455 | G82: =G81+F82 -> 13460
A83: 29 | B83: Steal from Enemies II | C83: In round 3, (the number of Archer squads of the Legion *8%) chance to make 2 random friendly squad(s) gain a 15% "Life Steal" effect, turning some damage dealt to the enemy into your troop power, lasting 1 round(s) | D83: 2049 | F83: =SUM(D83:E83) -> 2049 | G83: =G82+F83 -> 15509
D84: 31 | F84: =SUM(F55:F83) -> 15509 | G84: =G83 -> 15509
A86: Enhanced Tactics II
B88: Skill | C88: BUFF | D88: Level 1 | E88: Level 2 | F88: TOTAL | G88: Progress Tracker
A89: 1 | B89: Defense Intel | C89: In siege defense, Archer's Tactical Resistance increased by 1% | D89: 431 | F89: =SUM(D89:E89) -> 431 | G89: =F89 -> 431
A90: 2 | B90: Defense Intel | C90: In siege defense, Archer's Tactical Resistance increased by 1% | D90: 453 | F90: =SUM(D90:E90) -> 453 | G90: =G89+F90 -> 884
A91: 3 | B91: Defense Intel | C91: In siege defense, Archer's Tactical Resistance increased by 1% | D91: 476 | F91: =SUM(D91:E91) -> 476 | G91: =G90+F91 -> 1360
A92: 4 | B92: Defense Intel | C92: In siege defense, Archer's Tactical Resistance increased by 1% | D92: 500 | F92: =SUM(D92:E92) -> 500 | G92: =G91+F92 -> 1860
A93: 5 | B93: Defense Intel | C93: In siege defense, Archer's Tactical Resistance increased by 1% | D93: 525 | F93: =SUM(D93:E93) -> 525 | G93: =G92+F93 -> 2385
A94: 6 | B94: Defense Plan | C94: In siege defense, Archer's Tactical Might increased by 1% | D94: 551 | F94: =SUM(D94:E94) -> 551 | G94: =G93+F94 -> 2936
A95: 7 | B95: Defense Plan | C95: In siege defense, Archer's Tactical Might increased by 1% | D95: 578 | F95: =SUM(D95:E95) -> 578 | G95: =G94+F95 -> 3514
A96: 8 | B96: Defense Plan | C96: In siege defense, Archer's Tactical Might increased by 1% | D96: 607 | F96: =SUM(D96:E96) -> 607 | G96: =G95+F96 -> 4121
A97: 9 | B97: Defense Plan | C97: In siege defense, Archer's Tactical Might increased by 1% | D97: 431 | F97: =SUM(D97:E97) -> 431 | G97: =G96+F97 -> 4552
A98: 10 | B98: Defense Plan | C98: In siege defense, Archer's Tactical Might increased by 1% | D98: 453 | F98: =SUM(D98:E98) -> 453 | G98: =G97+F98 -> 5005
A99: 11 | B99: Vanguard's Defense | C99: When initiating rally attacks, all Archers' Resistance in the formation increased by 1% | D99: 476 | F99: =SUM(D99:E99) -> 476 | G99: =G98+F99 -> 5481
A100: 12 | B100: Siege Plan | C100: In siege attacks, Archer's Tactical Might increased by 1% | D100: 431 | F100: =SUM(D100:E100) -> 431 | G100: =G99+F100 -> 5912
A101: 13 | B101: Siege Plan | C101: In siege attacks, Archer's Tactical Might increased by 1% | D101: 453 | F101: =SUM(D101:E101) -> 453 | G101: =G100+F101 -> 6365
... A109: 21 | B109: Siege Intel | C109: In siege attacks, Archer's Tactical Resistance increased by 1% | D109: 525 | F109: =SUM(D109:E109) -> 525 | G109: =G108+F109 -> 10251
A110: 22 | B110: Revival | C110: For squads with Archers, HP increased by 6% | D110: 937 | E110: 984 | F110: =SUM(D110:E110) -> 1921 | G110: =G109+F110 -> 12172
A111: 23 | B111: Field Intel | C111: Archer's Tactical Resistance in non-siege battles increased by 1% | D111: 431 | F111: =SUM(D111:E111) -> 431 | G111: =G110+F111 -> 12603
A112: 24 | B112: Field Intel | C112: Archer's Tactical Resistance in non-siege battles increased by 1% | D112: 453 | F112: =SUM(D112:E112) -> 453 | G112: =G111+F112 -> 13056
A113: 25 | B113: Ambush in the Wild | C113: Archer's Tactical Might in non-siege battles increased by 1% | D113: 431 | F113: =SUM(D113:E113) -> 431 | G113: =G112+F113 -> 13487
A114: 26 | B114: Ambush in the Wild | C114: Archer's Tactical Might in non-siege battles increased by 1% | D114: 453 | F114: =SUM(D114:E114) -> 453 | G114: =G113+F114 -> 13940
A115: 27 | B115: Ambush in the Wild | C115: Archer's Tactical Might in non-siege battles increased by 1% | D115: 476 | F115: =SUM(D115:E115) -> 476 | G115: =G114+F115 -> 14416
A116: 28 | B116: Ambush in the Wild | C116: Archer's Tactical Might in non-siege battles increased by 1% | D116: 500 | F116: =SUM(D116:E116) -> 500 | G116: =G115+F116 -> 14916
A117: 29 | B117: Ambush in the Wild | C117: Archer's Tactical Might in non-siege battles increased by 1% | D117: 525 | F117: =SUM(D117:E117) -> 525 | G117: =G116+F117 -> 15441
...

Sheet Footman Training IV
A1: Footman Training IV
B3: Skill | C3: BUFF | D3: Level 1 | E3: Level 2 | F3: TOTAL | G3: Progress Tracker
A4: 1 | B4: Courage | C4: For squads with Footmen, Might increased by 1% | D4: 219 | F4: =SUM(D4:E4) -> 219 | G4: =F4 -> 219
A5: 2 | B5: Courage | C5: For squads with Footmen, Might increased by 1% | D5: 230 | F5: =SUM(D5:E5) -> 230 | G5: =G4+F5 -> 449
A6: 3 | B6: Courage | C6: For squads with Footmen, Might increased by 1% | D6: 241 | F6: =SUM(D6:E6) -> 241 | G6: =G5+F6 -> 690
A7: 4 | B7: Courage | C7: For squads with Footmen, Might increased by 1% | D7: 254 | F7: =SUM(D7:E7) -> 254 | G7: =G6+F7 -> 944
A8: 5 | B8: Revival | C8: For squads with Footmen, HP increased by 1% | D8: 266 | F8: =SUM(D8:E8) -> 266 | G8: =G7+F8 -> 1210
A9: 6 | B9: Frenzy Fighter | C9: Footman's Base Might increased by 4% | D9: 476 | E9: 499 | F9: =SUM(D9:E9) -> 975 | G9: =G8+F9 -> 2185
A10: 7 | B10: Courage | C10: For squads with Footmen, Might increased by 1% | D10: 219 | F10: =SUM(D10:E10) -> 219 | G10: =G9+F10 -> 2404
A11: 8 | B11: Courage | C11: For squads with Footmen, Might increased by 1% | D11: 230 | F11: =SUM(D11:E11) -> 230 | G11: =G10+F11 -> 2634
A12: 9 | B12: Courage | C12: For squads with Footmen, Might increased by 1% | D12: 241 | F12: =SUM(D12:E12) -> 241 | G12: =G11+F12 -> 2875
A13: 10 | B13: Courage | C13: For squads with Footmen, Might increased by 1% | D13: 254 | F13: =SUM(D13:E13) -> 254 | G13: =G12+F13 -> 3129
A14: 11 | B14: Courage | C14: For squads with Footmen, Might increased by 1% | D14: 266 | F14: =SUM(D14:E14) -> 266 | G14: =G13+F14 -> 3395
A15: 12 | B15: Tough Armor | C15: Footman's Base Resistance increased by 2% | D15: 476 | E15: 499 | F15: =SUM(D15:E15) -> 975 | G15: =G14+F15 -> 4370
A16: 13 | B16: Defense | C16: For squads with Footmen, Resistance increased by 1% | D16: 219 | F16: =SUM(D16:E16) -> 219 | G16: =G15+F16 -> 4589
A17: 14 | B17: Defense | C17: For squads with Footmen, Resistance increased by 1% | D17: 230 | F17: =SUM(D17:E17) -> 230 | G17: =G16+F17 -> 4819
A18: 15 | B18: Defense | C18: For squads with Footmen, Resistance increased by 1% | D18: 241 | F18: =SUM(D18:E18) -> 241 | G18: =G17+F18 -> 5060
A19: 16 | B19: Defense | C19: For squads with Footmen, Resistance increased by 1% | D19: 254 | F19: =SUM(D19:E19) -> 254 | G19: =G18+F19 -> 5314
A20: 17 | B20: Defense | C20: For squads with Footmen, Resistance increased by 1% | D20: 266 | F20: =SUM(D20:E20) -> 266 | G20: =G19+F20 -> 5580
A21: 18 | B21: Incapacitate | C21: When Footmen cause damage, 5% of the enemy's lost soldiers will be incapacitated and cannot recover, lasting till the battle ends. | D21: 1260 | F21: =SUM(D21:E21) -> 1260 | G21: =G20+F21 -> 6840
A22: 19 | B22: Defense | C22: For squads with Footmen, Resistance increased by 1% | D22: 219 | F22: =SUM(D22:E22) -> 219 | G22: =G21+F22 -> 7059
A23: 20 | B23: Defense | C23: For squads with Footmen, Resistance increased by 1% | D23: 230 | F23: =SUM(D23:E23) -> 230 | G23: =G22+F23 -> 7289
A24: 21 | B24: Defense | C24: For squads with Footmen, Resistance increased by 1% | D24: 241 | F24: =SUM(D24:E24) -> 241 | G24: =G23+F24 -> 7530
A25: 22 | B25: Defense | C25: For squads with Footmen, Resistance increased by 1% | D25: 254 | F25: =SUM(D25:E25) -> 254 | G25: =G24+F25 -> 7784
A26: 23 | B26: Revival | C26: For squads with Footmen, HP increased by 1% | D26: 266 | F26: =SUM(D26:E26) -> 266 | G26: =G25+F26 -> 8050
A27: 24 | B27: Frenzy Fighter | C27: Footman's Base Might increased by 4% | D27: 476 | E27: 499 | F27: =SUM(D27:E27) -> 975 | G27: =G26+F27 -> 9025
D28: 27 | F28: =SUM(F4:F27) -> 9025 | G28: =G27 -> 9025
A30: Siege Skill II
B32: Skill | C32: BUFF | D32: Level 1 | E32: Level 2 | F32: TOTAL | G32: Progress Tracker
A33: 1 | B33: Plunder | C33: For squads with Footmen, Siege Might increased by 1% | D33: 290 | F33: =SUM(D33:E33) -> 290 | G33: =F33 -> 290
A34: 2 | B34: Plunder | C34: For squads with Footmen, Siege Might increased by 1% | D34: 304 | F34: =SUM(D34:E34) -> 304 | G34: =G33+F34 -> 594
A35: 3 | B35: Plunder | C35: For squads with Footmen, Siege Might increased by 1% | D35: 320 | F35: =SUM(D35:E35) -> 320 | G35: =G34+F35 -> 914
A36: 4 | B36: Siege Plan | C36: In siege attacks, Footman's Tactical Might increased by 1% | D36: 336 | F36: =SUM(D36:E36) -> 336 | G36: =G35+F36 -> 1250
A37: 5 | B37: Plunder | C37: For squads with Footmen, Siege Might increased by 1% | D37: 352 | F37: =SUM(D37:E37) -> 352 | G37: =G36+F37 -> 1602
A38: 6 | B38: Plunder | C38: For squads with Footmen, Siege Might increased by 1% | D38: 370 | F38: =SUM(D38:E38) -> 370 | G38: =G37+F38 -> 1972
A39: 7 | B39: Siege Plan | C39: In siege attacks, Footman's Tactical Might increased by 1% | D39: 389 | F39: =SUM(D39:E39) -> 389 | G39: =G38+F39 -> 2361
A40: 8 | B40: Plunder | C40: For squads with Footmen, Siege Might increased by 1% | D40: 408 | F40: =SUM(D40:E40) -> 408 | G40: =G39+F40 -> 2769
A41: 9 | B41: Plunder | C41: For squads with Footmen, Siege Might increased by 1% | D41: 428 | F41: =SUM(D41:E41) -> 428 | G41: =G40+F41 -> 3197
A42: 10 | B42: Vanguard's Courage | C42: When initiating rally attacks, all Footmen's Might in the formation increased by 1% | D42: 450 | F42: =SUM(D42:E42) -> 450 | G42: =G41+F42 -> 3647
A43: 11 | B43: Siege Plan | C43: In siege attacks, Footman's Tactical Might increased by 1% | D43: 472 | F43: =SUM(D43:E43) -> 472 | G43: =G42+F43 -> 4119
A44: 12 | B44: Plunder | C44: For squads with Footmen, Siege Might increased by 1% | D44: 304 | F44: =SUM(D44:E44) -> 304 | G44: =G43+F44 -> 4423
A45: 13 | B45: Vanguard's Courage | C45: When initiating rally attacks, all Footmen's Might in the formation increased by 1% | D45: 320 | F45: =SUM(D45:E45) -> 320 | G45: =G44+F45 -> 4743
... A48: 16 | B48: Vanguard's Defense | C48: When initiating rally attacks, all Footmen's Resistance in the formation increased by 1% | D48: 320 | F48: =SUM(D48:E48) -> 320 | G48: =G47+F48 -> 5657
A49: 17 | B49: Excited | C49: In siege attacks, Footman's HP increased by 6% | D49: 571 | E49: 599 | F49: =SUM(D49:E49) -> 1170 | G49: =G48+F49 -> 6827
A50: 18 | B50: Motionless | C50: For squads with Footmen, Siege Resistance increased by 1% | D50: 304 | F50: =SUM(D50:E50) -> 304 | G50: =G49+F50 -> 7131
A51: 19 | B51: Motionless | C51: For squads with Footmen, Siege Resistance increased by 1% | D51: 320 | F51: =SUM(D51:E51) -> 320 | G51: =G50+F51 -> 7451
A52: 20 | B52: Siege Intel | C52: In siege attacks, Footman's Tactical Resistance increased by 1% | D52: 336 | F52: =SUM(D52:E52) -> 336 | G52: =G51+F52 -> 7787
A53: 21 | B53: Motionless | C53: For squads with Footmen, Siege Resistance increased by 1% | D53: 352 | F53: =SUM(D53:E53) -> 352 | G53: =G52+F53 -> 8139
A54: 22 | B54: Motionless | C54: For squads with Footmen, Siege Resistance increased by 1% | D54: 370 | F54: =SUM(D54:E54) -> 370 | G54: =G53+F54 -> 8509
A55: 23 | B55: Siege Intel | C55: In siege attacks, Footman's Tactical Resistance increased by 1% | D55: 389 | F55: =SUM(D55:E55) -> 389 | G55: =G54+F55 -> 8898
A56: 24 | B56: Motionless | C56: For squads with Footmen, Siege Resistance increased by 1% | D56: 408 | F56: =SUM(D56:E56) -> 408 | G56: =G55+F56 -> 9306
A57: 25 | B57: Excited | C57: In siege attacks, Footman's HP increased by 6% | D57: 729 | E57: 765 | F57: =SUM(D57:E57) -> 1494 | G57: =G56+F57 -> 10800
A58: 26 | B58: Motionless | C58: For squads with Footmen, Siege Resistance increased by 1% | D58: 428 | F58: =SUM(D58:E58) -> 428 | G58: =G57+F58 -> 11228
A59: 27 | B59: Vanguard's Defense | C59: When initiating rally attacks, all Footmen's Resistance in the formation increased by 1% | D59: 450 | F59: =SUM(D59:E59) -> 450 | G59: =G58+F59 -> 11678
A60: 28 | B60: Siege Intel | C60: In siege attacks, Footman's Tactical Resistance increased by 1% | D60: 472 | F60: =SUM(D60:E60) -> 472 | G60: =G59+F60 -> 12150
A61: 29 | B61: Break Cities | C61: In siege attacks, Footmen deal 5% more damage | D61: 2234 | F61: =SUM(D61:E61) -> 2234 | G61: =G60+F61 -> 14384
D62: 31 | F62: =SUM(F33:F61) -> 14384 | G62: =G61 -> 14384
A64: Defensive Skill II
B66: Skill | C66: BUFF | D66: Level 1 | E66: Level 2 | F66: TOTAL | G66: Progress Tracker
A67: 1 | B67: Defense Intel | C67: In siege defense, Footman's Tactical Resistance increased by 1% | D67: 418 | F67: =SUM(D67:E67) -> 418 | G67: =F67 -> 418
A68: 2 | B68: Stronghold | C68: For squads with Footmen, Siege Defense Resistance increased by 1% | D68: 439 | F68: =SUM(D68:E68) -> 439 | G68: =G67+F68 -> 857
A69: 3 | B69: Stronghold | C69: For squads with Footmen, Siege Defense Resistance increased by 1% | D69: 461 | F69: =SUM(D69:E69) -> 461 | G69: =G68+F69 -> 1318
A70: 4 | B70: Encircle | C70: When reinforcing allies in their castles, Footman's Might increased by 1% | D70: 461 | F70: =SUM(D70:E70) -> 461 | G70: =G69+F70 -> 1779
A71: 5 | B71: Stronghold | C71: For squads with Footmen, Siege Defense Resistance increased by 1% | D71: 439 | F71: =SUM(D71:E71) -> 439 | G71: =G70+F71 -> 2218
A72: 6 | B72: Stronghold | C72: For squads with Footmen, Siege Defense Resistance increased by 1% | D72: 461 | F72: =SUM(D72:E72) -> 461 | G72: =G71+F72 -> 2679
A73: 7 | B73: Encircle | C73: When reinforcing allies in their castles, Footman's Might increased by 1% | D73: 461 | F73: =SUM(D73:E73) -> 461 | G73: =G72+F73 -> 3140
A74: 8 | B74: Tougher Defense | C74: In siege defense, Footman's HP increased by 6% | D74: 823 | E74: 864 | F74: =SUM(D74:E74) -> 1687 | G74: =G73+F74 -> 4827
A75: 9 | B75: Perseverance | C75: For squads with Footmen, Siege Defense Might increased by 1% | D75: 418 | F75: =SUM(D75:E75) -> 418 | G75: =G74+F75 -> 5245
A76: 10 | B76: Perseverance | C76: For squads with Footmen, Siege Defense Might increased by 1% | D76: 439 | F76: =SUM(D76:E76) -> 439 | G76: =G75+F76 -> 5684
A77: 11 | B77: Perseverance | C77: For squads with Footmen, Siege Defense Might increased by 1% | D77: 461 | F77: =SUM(D77:E77) -> 461 | G77: =G76+F77 -> 6145
A78: 12 | B78: Interception | C78: When reinforcing allies in their castles, Footman's Resistance increased by 1% | D78: 461 | F78: =SUM(D78:E78) -> 461 | G78: =G77+F78 -> 6606
A79: 13 | B79: Perseverance | C79: For squads with Footmen, Siege Defense Might increased by 1% | D79: 439 | F79: =SUM(D79:E79) -> 439 | G79: =G78+F79 -> 7045
A80: 14 | B80: Perseverance | C80: For squads with Footmen, Siege Defense Might increased by 1% | D80: 461 | F80: =SUM(D80:E80) -> 461 | G80: =G79+F80 -> 7506
A81: 15 | B81: Interception | C81: When reinforcing allies in their castles, Footman's Resistance increased by 1% | D81: 461 | F81: =SUM(D81:E81) -> 461 | G81: =G80+F81 -> 7967
A82: 16 | B82: Defense Plan | C82: In siege defense, Footman's Tactical Might increased by 1% | D82: 484 | F82: =SUM(D82:E82) -> 484 | G82: =G81+F82 -> 8451
A83: 17 | B83: Trap | C83: In castle defense battles, Footmen deal 5% more damage | D83: 2288 | F83: =SUM(D83:E83) -> 2288 | G83: =G82+F83 -> 10739
A84: 18 | B84: Defense Plan | C84: In siege defense, Footman's Tactical Might increased by 1% | D84: 418 | F84: =SUM(D84:E84) -> 418 | G84: =G83+F84 -> 11157
A85: 19 | B85: Perseverance | C85: For squads with Footmen, Siege Defense Might increased by 1% | D85: 439 | F85: =SUM(D85:E85) -> 439 | G85: =G84+F85 -> 11596
A86: 20 | B86: Perseverance | C86: For squads with Footmen, Siege Defense Might increased by 1% | D86: 461 | F86: =SUM(D86:E86) -> 461 | G86: =G85+F86 -> 12057
... A98: 32 | B98: Encircle | C98: When reinforcing allies in their castles, Footman's Might increased by 1% | D98: 461 | F98: =SUM(D98:E98) -> 461 | G98: =G97+F98 -> 17503
A99: 33 | B99: Tougher Defense | C99: In siege defense, Footman's HP increased by 6% | D99: 823 | E99: 864 | F99: =SUM(D99:E99) -> 1687 | G99: =G98+F99 -> 19190
D100: 35 | F100: =SUM(F67:F99) -> 19190 | G100: =G99 -> 19190
A102: Neat Formation II
B104: Skill | C104: BUFF | D104: Level 1 | E104: Level 2 | F104: TOTAL | G104: Progress Tracker
A105: 1 | B105: Secret Intel | C105: Mid-row Footman squad's Tactical Resistance increased by 2% | D105: 530 | F105: =SUM(D105:E105) -> 530 | G105: =F105 -> 530
A106: 2 | B106: Great Courage | C106: Mid-row Footman squad's Might increased by 2% | D106: 557 | F106: =SUM(D106:E106) -> 557 | G106: =G105+F106 -> 1087
A107: 3 | B107: Great Courage | C107: Mid-row Footman squad's Might increased by 2% | D107: 585 | F107: =SUM(D107:E107) -> 585 | G107: =G106+F107 -> 1672
A108: 4 | B108: Great Courage | C108: Mid-row Footman squad's Might increased by 2% | D108: 614 | F108: =SUM(D108:E108) -> 614 | G108: =G107+F108 -> 2286
A109: 5 | B109: Secret Intel | C109: Mid-row Footman squad's Tactical Resistance increased by 2% | D109: 557 | F109: =SUM(D109:E109) -> 557 | G109: =G108+F109 -> 2843
A110: 6 | B110: Smart Scheme | C110: Mid-row Footman squad's Tactical Might increased by 2% | D110: 585 | F110: =SUM(D110:E110) -> 585 | G110: =G109+F110 -> 3428
A111: 7 | B111: Smart Scheme | C111: Mid-row Footman squad's Tactical Might increased by 2% | D111: 614 | F111: =SUM(D111:E111) -> 614 | G111: =G110+F111 -> 4042
A112: 8 | B112: Solid Defense | C112: Mid-row Footman squad's Resistance increased by 2% | D112: 557 | F112: =SUM(D112:E112) -> 557 | G112: =G111+F112 -> 4599
A113: 9 | B113: Solid Defense | C113: Mid-row Footman squad's Resistance increased by 2% | D113: 585 | F113: =SUM(D113:E113) -> 585 | G113: =G112+F113 -> 5184
A114: 10 | B114: Solid Defense | C114: Mid-row Footman squad's Resistance increased by 2% | D114: 614 | F114: =SUM(D114:E114) -> 614 | G114: =G113+F114 -> 5798
A115: 11 | B115: Great Vitality | C115: Mid-row Footman squad's HP increased by 10% | D115: 1096 | E115: 1151 | F115: =SUM(D115:E115) -> 2247 | G115: =G114+F115 -> 8045
A116: 12 | B116: Vanguard's Intel | C116: Front-row Footman squad's Tactical Resistance increased by 2% | D116: 530 | F116: =SUM(D116:E116) -> 530 | G116: =G115+F116 -> 8575
A117: 13 | B117: Frontal Defense | C117: Front-row Footman squad's Resistance increased by 2% | D117: 557 | F117: =SUM(D117:E117) -> 557 | G117: =G116+F117 -> 9132
A118: 14 | B118: Frontal Defense | C118: Front-row Footman squad's Resistance increased by 2% | D118: 585 | F118: =SUM(D118:E118) -> 585 | G118: =G117+F118 -> 9717
A119: 15 | B119: Frontal Defense | C119: Front-row Footman squad's Resistance increased by 2% | D119: 614 | F119: =SUM(D119:E119) -> 614 | G119: =G118+F119 -> 10331
A120: 16 | B120: Vanguard's Intel | C120: Front-row Footman squad's Tactical Resistance increased by 2% | D120: 557 | F120: =SUM(D120:E120) -> 557 | G120: =G119+F120 -> 10888
...

Sheet Cavalry Training IV
A1: Cavalry Training IV
B3: Skill | C3: BUFF | D3: Level 1 | E3: Level 2 | F3: TOTAL | G3: Progress Tracker
A4: 1 | B4: Defense | C4: For squads with Cavalry, Resistance increased by 1% | D4: 219 | F4: =SUM(D4:E4) -> 219 | G4: =F4 -> 219
A5: 2 | B5: Defense | C5: For squads with Cavalry, Resistance increased by 1% | D5: 230 | F5: =SUM(D5:E5) -> 230 | G5: =G4+F5 -> 449
A6: 3 | B6: Defense | C6: For squads with Cavalry, Resistance increased by 1% | D6: 241 | F6: =SUM(D6:E6) -> 241 | G6: =G5+F6 -> 690
A7: 4 | B7: Defense | C7: For squads with Cavalry, Resistance increased by 1% | D7: 254 | F7: =SUM(D7:E7) -> 254 | G7: =G6+F7 -> 944
A8: 5 | B8: Defense | C8: For squads with Cavalry, Resistance increased by 1% | D8: 266 | F8: =SUM(D8:E8) -> 266 | G8: =G7+F8 -> 1210
A9: 6 | B9: Incapacitate | C9: When Cavalry causes damage, 5% of the enemy's lost soldiers will be incapacitated and cannot recover, lasting till the battle ends. | D9: 1260 | F9: =SUM(D9:E9) -> 1260 | G9: =G8+F9 -> 2470
A10: 7 | B10: Defense | C10: For squads with Cavalry, Resistance increased by 1% | D10: 219 | F10: =SUM(D10:E10) -> 219 | G10: =G9+F10 -> 2689
A11: 8 | B11: Defense | C11: For squads with Cavalry, Resistance increased by 1% | D11: 230 | F11: =SUM(D11:E11) -> 230 | G11: =G10+F11 -> 2919
A12: 9 | B12: Defense | C12: For squads with Cavalry, Resistance increased by 1% | D12: 241 | F12: =SUM(D12:E12) -> 241 | G12: =G11+F12 -> 3160
A13: 10 | B13: Defense | C13: For squads with Cavalry, Resistance increased by 1% | D13: 254 | F13: =SUM(D13:E13) -> 254 | G13: =G12+F13 -> 3414
A14: 11 | B14: Revival | C14: For squads with Cavalry, HP increased by 1% | D14: 266 | F14: =SUM(D14:E14) -> 266 | G14: =G13+F14 -> 3680
A15: 12 | B15: Tough Armor | C15: Cavalry's Base Resistance increased by 4% | D15: 476 | E15: 499 | F15: =SUM(D15:E15) -> 975 | G15: =G14+F15 -> 4655
A16: 13 | B16: Courage | C16: For squads with Cavalry, Might increased by 1% | D16: 219 | F16: =SUM(D16:E16) -> 219 | G16: =G15+F16 -> 4874
A17: 14 | B17: Courage | C17: For squads with Cavalry, Might increased by 1% | D17: 230 | F17: =SUM(D17:E17) -> 230 | G17: =G16+F17 -> 5104
A18: 15 | B18: Courage | C18: For squads with Cavalry, Might increased by 1% | D18: 241 | F18: =SUM(D18:E18) -> 241 | G18: =G17+F18 -> 5345
A19: 16 | B19: Courage | C19: For squads with Cavalry, Might increased by 1% | D19: 254 | F19: =SUM(D19:E19) -> 254 | G19: =G18+F19 -> 5599
A20: 17 | B20: Revival | C20: For squads with Cavalry, HP increased by 1% | D20: 266 | F20: =SUM(D20:E20) -> 266 | G20: =G19+F20 -> 5865
A21: 18 | B21: Tough Armor | C21: Cavalry's Base Resistance increased by 4% | D21: 476 | E21: 499 | F21: =SUM(D21:E21) -> 975 | G21: =G20+F21 -> 6840
A22: 19 | B22: Courage | C22: For squads with Cavalry, Might increased by 1% | D22: 219 | F22: =SUM(D22:E22) -> 219 | G22: =G21+F22 -> 7059
A23: 20 | B23: Courage | C23: For squads with Cavalry, Might increased by 1% | D23: 230 | F23: =SUM(D23:E23) -> 230 | G23: =G22+F23 -> 7289
A24: 21 | B24: Courage | C24: For squads with Cavalry, Might increased by 1% | D24: 241 | F24: =SUM(D24:E24) -> 241 | G24: =G23+F24 -> 7530
A25: 22 | B25: Courage | C25: For squads with Cavalry, Might increased by 1% | D25: 254 | F25: =SUM(D25:E25) -> 254 | G25: =G24+F25 -> 7784
A26: 23 | B26: Courage | C26: For squads with Cavalry, Might increased by 1% | D26: 266 | F26: =SUM(D26:E26) -> 266 | G26: =G25+F26 -> 8050
A27: 24 | B27: Energetic | C27: Cavalry's Base HP increased by 2% | D27: 476 | E27: 499 | F27: =SUM(D27:E27) -> 975 | G27: =G26+F27 -> 9025
D28: 27 | F28: =SUM(F4:F27) -> 9025 | G28: =G27 -> 9025
A30: Siege Skill II
B32: Skill | C32: BUFF | D32: Level 1 | E32: Level 2 | F32: TOTAL | G32: Progress Tracker
A33: 1 | B33: Motionless | C33: For squads with Cavalry, Siege Resistance increased by 1% | D33: 290 | F33: =SUM(D33:E33) -> 290 | G33: =F33 -> 290
A34: 2 | B34: Motionless | C34: For squads with Cavalry, Siege Resistance increased by 1% | D34: 304 | F34: =SUM(D34:E34) -> 304 | G34: =G33+F34 -> 594
A35: 3 | B35: Motionless | C35: For squads with Cavalry, Siege Resistance increased by 1% | D35: 320 | F35: =SUM(D35:E35) -> 320 | G35: =G34+F35 -> 914
A36: 4 | B36: Siege Intel | C36: In siege attacks, Cavalry's Tactical Resistance increased by 1% | D36: 336 | F36: =SUM(D36:E36) -> 336 | G36: =G35+F36 -> 1250
A37: 5 | B37: Motionless | C37: For squads with Cavalry, Siege Resistance increased by 1% | D37: 352 | F37: =SUM(D37:E37) -> 352 | G37: =G36+F37 -> 1602
A38: 6 | B38: Motionless | C38: For squads with Cavalry, Siege Resistance increased by 1% | D38: 370 | F38: =SUM(D38:E38) -> 370 | G38: =G37+F38 -> 1972
A39: 7 | B39: Siege Intel | C39: In siege attacks, Cavalry's Tactical Resistance increased by 1% | D39: 389 | F39: =SUM(D39:E39) -> 389 | G39: =G38+F39 -> 2361
A40: 8 | B40: Motionless | C40: For squads with Cavalry, Siege Resistance increased by 1% | D40: 408 | F40: =SUM(D40:E40) -> 408 | G40: =G39+F40 -> 2769
A41: 9 | B41: Motionless | C41: For squads with Cavalry, Siege Resistance increased by 1% | D41: 428 | F41: =SUM(D41:E41) -> 428 | G41: =G40+F41 -> 3197
A42: 10 | B42: Vanguard's Defense | C42: When initiating rally attacks, all Cavalry's Resistance in the formation increased by 1% | D42: 450 | F42: =SUM(D42:E42) -> 450 | G42: =G41+F42 -> 3647
A43: 11 | B43: Siege Intel | C43: In siege attacks, Cavalry's Tactical Resistance increased by 1% | D43: 472 | F43: =SUM(D43:E43) -> 472 | G43: =G42+F43 -> 4119
A44: 12 | B44: Motionless | C44: For squads with Cavalry, Siege Resistance increased by 1% | D44: 304 | F44: =SUM(D44:E44) -> 304 | G44: =G43+F44 -> 4423
A45: 13 | B45: Vanguard's Defense | C45: When initiating rally attacks, all Cavalry's Resistance in the formation increased by 1% | D45: 320 | F45: =SUM(D45:E45) -> 320 | G45: =G44+F45 -> 4743
... A48: 16 | B48: Vanguard's Courage | C48: When initiating rally attacks, all Cavalry's Might in the formation increased by 1% | D48: 320 | F48: =SUM(D48:E48) -> 320 | G48: =G47+F48 -> 5657
A49: 17 | B49: Excited | C49: In siege attacks, Cavalry's HP increased by 6% | D49: 571 | E49: 599 | F49: =SUM(D49:E49) -> 1170 | G49: =G48+F49 -> 6827
A50: 18 | B50: Plunder | C50: For squads with Cavalry, Siege Might increased by 1% | D50: 304 | F50: =SUM(D50:E50) -> 304 | G50: =G49+F50 -> 7131
A51: 19 | B51: Plunder | C51: For squads with Cavalry, Siege Might increased by 1% | D51: 320 | F51: =SUM(D51:E51) -> 320 | G51: =G50+F51 -> 7451
A52: 20 | B52: Siege Plan | C52: In siege attacks, Cavalry's Tactical Might increased by 1% | D52: 336 | F52: =SUM(D52:E52) -> 336 | G52: =G51+F52 -> 7787
A53: 21 | B53: Plunder | C53: For squads with Cavalry, Siege Might increased by 1% | D53: 352 | F53: =SUM(D53:E53) -> 352 | G53: =G52+F53 -> 8139
A54: 22 | B54: Plunder | C54: For squads with Cavalry, Siege Might increased by 1% | D54: 370 | F54: =SUM(D54:E54) -> 370 | G54: =G53+F54 -> 8509
A55: 23 | B55: Siege Plan | C55: In siege attacks, Cavalry's Tactical Might increased by 1% | D55: 389 | F55: =SUM(D55:E55) -> 389 | G55: =G54+F55 -> 8898
A56: 24 | B56: Plunder | C56: For squads with Cavalry, Siege Might increased by 1% | D56: 408 | F56: =SUM(D56:E56) -> 408 | G56: =G55+F56 -> 9306
A57: 25 | B57: Excited | C57: In siege attacks, Cavalry's HP increased by 6% | D57: 729 | E57: 765 | F57: =SUM(D57:E57) -> 1494 | G57: =G56+F57 -> 10800
A58: 26 | B58: Plunder | C58: For squads with Cavalry, Siege Might increased by 1% | D58: 428 | F58: =SUM(D58:E58) -> 428 | G58: =G57+F58 -> 11228
A59: 27 | B59: Vanguard's Courage | C59: When initiating rally attacks, all Cavalry's Might in the formation increased by 1% | D59: 450 | F59: =SUM(D59:E59) -> 450 | G59: =G58+F59 -> 11678
A60: 28 | B60: Siege Plan | C60: In siege attacks, Cavalry's Tactical Might increased by 1% | D60: 472 | F60: =SUM(D60:E60) -> 472 | G60: =G59+F60 -> 12150
A61: 29 | B61: Break Cities | C61: In siege attacks, Cavalry deals 5% more damage | D61: 2234 | F61: =SUM(D61:E61) -> 2234 | G61: =G60+F61 -> 14384
D62: 31 | F62: =SUM(F33:F61) -> 14384 | G62: =G61 -> 14384
A64: Defensive Skill II
B66: Skill | C66: BUFF | D66: Level 1 | E66: Level 2 | F66: TOTAL | G66: Progress Tracker
A67: 1 | B67: Stronghold | C67: For squads with Cavalry, Siege Defense Resistance increased by 1% | D67: 418 | F67: =SUM(D67:E67) -> 418 | G67: =F67 -> 418
A68: 2 | B68: Stronghold | C68: For squads with Cavalry, Siege Defense Resistance increased by 1% | D68: 439 | F68: =SUM(D68:E68) -> 439 | G68: =G67+F68 -> 857
A69: 3 | B69: Stronghold | C69: For squads with Cavalry, Siege Defense Resistance increased by 1% | D69: 461 | F69: =SUM(D69:E69) -> 461 | G69: =G68+F69 -> 1318
A70: 4 | B70: Encircle | C70: When reinforcing allies in their castles, Cavalry Might increased by 1% | D70: 461 | F70: =SUM(D70:E70) -> 461 | G70: =G69+F70 -> 1779
A71: 5 | B71: Stronghold | C71: For squads with Cavalry, Siege Defense Resistance increased by 1% | D71: 439 | F71: =SUM(D71:E71) -> 439 | G71: =G70+F71 -> 2218
A72: 6 | B72: Stronghold | C72: For squads with Cavalry, Siege Defense Resistance increased by 1% | D72: 461 | F72: =SUM(D72:E72) -> 461 | G72: =G71+F72 -> 2679
A73: 7 | B73: Encircle | C73: When reinforcing allies in their castles, Cavalry Might increased by 1% | D73: 461 | F73: =SUM(D73:E73) -> 461 | G73: =G72+F73 -> 3140
A74: 8 | B74: Tougher Defense | C74: In siege defense, Cavalry's HP increased by 6% | D74: 823 | E74: 864 | F74: =SUM(D74:E74) -> 1687 | G74: =G73+F74 -> 4827
A75: 9 | B75: Perseverance | C75: For squads with Cavalry, Siege Defense Might increased by 1% | D75: 418 | F75: =SUM(D75:E75) -> 418 | G75: =G74+F75 -> 5245
A76: 10 | B76: Perseverance | C76: For squads with Cavalry, Siege Defense Might increased by 1% | D76: 439 | F76: =SUM(D76:E76) -> 439 | G76: =G75+F76 -> 5684
A77: 11 | B77: Perseverance | C77: For squads with Cavalry, Siege Defense Might increased by 1% | D77: 461 | F77: =SUM(D77:E77) -> 461 | G77: =G76+F77 -> 6145
A78: 12 | B78: Interception | C78: When reinforcing allies in their castles, Cavalry Resistance increased by 1% | D78: 461 | F78: =SUM(D78:E78) -> 461 | G78: =G77+F78 -> 6606
A79: 13 | B79: Perseverance | C79: For squads with Cavalry, Siege Defense Might increased by 1% | D79: 439 | F79: =SUM(D79:E79) -> 439 | G79: =G78+F79 -> 7045
A80: 14 | B80: Perseverance | C80: For squads with Cavalry, Siege Defense Might increased by 1% | D80: 461 | F80: =SUM(D80:E80) -> 461 | G80: =G79+F80 -> 7506
A81: 15 | B81: Interception | C81: When reinforcing allies in their castles, Cavalry Resistance increased by 1% | D81: 461 | F81: =SUM(D81:E81) -> 461 | G81: =G80+F81 -> 7967
A82: 16 | B82: Defense Plan | C82: In siege defense, Cavalry's Tactical Might increased by 1% | D82: 484 | F82: =SUM(D82:E82) -> 484 | G82: =G81+F82 -> 8451
A83: 17 | B83: Trap | C83: In castle defense battles, Cavalry deals 5% more damage | D83: 2288 | F83: =SUM(D83:E83) -> 2288 | G83: =G82+F83 -> 10739
A84: 18 | B84: Defense Plan | C84: In siege defense, Cavalry's Tactical Might increased by 1% | D84: 418 | F84: =SUM(D84:E84) -> 418 | G84: =G83+F84 -> 11157
A85: 19 | B85: Perseverance | C85: For squads with Cavalry, Siege Defense Might increased by 1% | D85: 439 | F85: =SUM(D85:E85) -> 439 | G85: =G84+F85 -> 11596
A86: 20 | B86: Perseverance | C86: For squads with Cavalry, Siege Defense Might increased by 1% | D86: 461 | F86: =SUM(D86:E86) -> 461 | G86: =G85+F86 -> 12057
... A98: 32 | B98: Encircle | C98: When reinforcing allies in their castles, Cavalry Might increased by 1% | D98: 461 | F98: =SUM(D98:E98) -> 461 | G98: =G97+F98 -> 17503
A99: 33 | B99: Tougher Defense | C99: In siege defense, Cavalry's HP increased by 6% | D99: 823 | E99: 864 | F99: =SUM(D99:E99) -> 1687 | G99: =G98+F99 -> 19190
D100: 35 | F100: =SUM(F67:F99) -> 19190 | G100: =G99 -> 19190
A102: Neat Formation II
B104: Skill | C104: BUFF | D104: Level 1 | E104: Level 2 | F104: TOTAL | G104: Progress Tracker
A105: 1 | B105: Rearguard's Intel | C105: Back-row Cavalry squad's Tactical Resistance increased by 2% | D105: 530 | F105: =SUM(D105:E105) -> 530 | G105: =F105 -> 530
A106: 2 | B106: Rearguard's Defense | C106: Back-row Cavalry squad's Resistance increased by 2% | D106: 557 | F106: =SUM(D106:E106) -> 557 | G106: =G105+F106 -> 1087
A107: 3 | B107: Rearguard's Defense | C107: Back-row Cavalry squad's Resistance increased by 2% | D107: 585 | F107: =SUM(D107:E107) -> 585 | G107: =G106+F107 -> 1672
A108: 4 | B108: Rearguard's Defense | C108: Back-row Cavalry squad's Resistance increased by 2% | D108: 614 | F108: =SUM(D108:E108) -> 614 | G108: =G107+F108 -> 2286
A109: 5 | B109: Rearguard's Intel | C109: Back-row Cavalry squad's Tactical Resistance increased by 2% | D109: 557 | F109: =SUM(D109:E109) -> 557 | G109: =G108+F109 -> 2843
A110: 6 | B110: Rearguard's Scheme | C110: Back-row Cavalry squad's Tactical Might increased by 2% | D110: 585 | F110: =SUM(D110:E110) -> 585 | G110: =G109+F110 -> 3428
A111: 7 | B111: Rearguard's Scheme | C111: Back-row Cavalry squad's Tactical Might increased by 2% | D111: 614 | F111: =SUM(D111:E111) -> 614 | G111: =G110+F111 -> 4042
A112: 8 | B112: Rearguard's Courage | C112: Back-row Cavalry squad's Might increased by 2% | D112: 557 | F112: =SUM(D112:E112) -> 557 | G112: =G111+F112 -> 4599
A113: 9 | B113: Rearguard's Courage | C113: Back-row Cavalry squad's Might increased by 2% | D113: 585 | F113: =SUM(D113:E113) -> 585 | G113: =G112+F113 -> 5184
A114: 10 | B114: Rearguard's Courage | C114: Back-row Cavalry squad's Might increased by 2% | D114: 614 | F114: =SUM(D114:E114) -> 614 | G114: =G113+F114 -> 5798
A115: 11 | B115: Rearguard's Vitality | C115: Back-row Cavalry squad's HP increased by 10% | D115: 1096 | E115: 1151 | F115: =SUM(D115:E115) -> 2247 | G115: =G114+F115 -> 8045
A116: 12 | B116: Vanguard's Intel | C116: Front-row Cavalry squad's Tactical Resistance increased by 2% | D116: 530 | F116: =SUM(D116:E116) -> 530 | G116: =G115+F116 -> 8575
A117: 13 | B117: Vanguard's Courage | C117: Front-row Cavalry squad's Might increased by 2% | D117: 557 | F117: =SUM(D117:E117) -> 557 | G117: =G116+F117 -> 9132
A118: 14 | B118: Vanguard's Courage | C118: Front-row Cavalry squad's Might increased by 2% | D118: 585 | F118: =SUM(D118:E118) -> 585 | G118: =G117+F118 -> 9717
A119: 15 | B119: Vanguard's Courage | C119: Front-row Cavalry squad's Might increased by 2% | D119: 614 | F119: =SUM(D119:E119) -> 614 | G119: =G118+F119 -> 10331
A120: 16 | B120: Vanguard's Intel | C120: Front-row Cavalry squad's Tactical Resistance increased by 2% | D120: 557 | F120: =SUM(D120:E120) -> 557 | G120: =G119+F120 -> 10888
...

Sheet Archer Training IV
A1: Archer Training IV
B3: Skill | C3: BUFF | D3: Level 1 | E3: Level 2 | F3: TOTAL | G3: Progress Tracker
A4: 1 | B4: Courage | C4: For squads with Archers, Might increased by 1% | D4: 219 | F4: =SUM(D4:E4) -> 219 | G4: =F4 -> 219
A5: 2 | B5: Courage | C5: For squads with Archers, Might increased by 1% | D5: 230 | F5: =SUM(D5:E5) -> 230 | G5: =G4+F5 -> 449
A6: 3 | B6: Courage | C6: For squads with Archers, Might increased by 1% | D6: 241 | F6: =SUM(D6:E6) -> 241 | G6: =G5+F6 -> 690
A7: 4 | B7: Courage | C7: For squads with Archers, Might increased by 1% | D7: 254 | F7: =SUM(D7:E7) -> 254 | G7: =G6+F7 -> 944
A8: 5 | B8: Revival | C8: For squads with Archers, HP increased by 1% | D8: 266 | F8: =SUM(D8:E8) -> 266 | G8: =G7+F8 -> 1210
A9: 6 | B9: Energetic | C9: Archer's Base HP increased by 4% | D9: 476 | E9: 499 | F9: =SUM(D9:E9) -> 975 | G9: =G8+F9 -> 2185
A10: 7 | B10: Courage | C10: For squads with Archers, Might increased by 1% | D10: 219 | F10: =SUM(D10:E10) -> 219 | G10: =G9+F10 -> 2404
A11: 8 | B11: Courage | C11: For squads with Archers, Might increased by 1% | D11: 230 | F11: =SUM(D11:E11) -> 230 | G11: =G10+F11 -> 2634
A12: 9 | B12: Courage | C12: For squads with Archers, Might increased by 1% | D12: 241 | F12: =SUM(D12:E12) -> 241 | G12: =G11+F12 -> 2875
A13: 10 | B13: Courage | C13: For squads with Archers, Might increased by 1% | D13: 254 | F13: =SUM(D13:E13) -> 254 | G13: =G12+F13 -> 3129
A14: 11 | B14: Courage | C14: For squads with Archers, Might increased by 1% | D14: 266 | F14: =SUM(D14:E14) -> 266 | G14: =G13+F14 -> 3395
A15: 12 | B15: Tough Armor | C15: Archer's Base Resistance increased by 2% | D15: 476 | E15: 499 | F15: =SUM(D15:E15) -> 975 | G15: =G14+F15 -> 4370
A16: 13 | B16: Defense | C16: For squads with Archers, Resistance increased by 1% | D16: 219 | F16: =SUM(D16:E16) -> 219 | G16: =G15+F16 -> 4589
A17: 14 | B17: Defense | C17: For squads with Archers, Resistance increased by 1% | D17: 230 | F17: =SUM(D17:E17) -> 230 | G17: =G16+F17 -> 4819
A18: 15 | B18: Defense | C18: For squads with Archers, Resistance increased by 1% | D18: 241 | F18: =SUM(D18:E18) -> 241 | G18: =G17+F18 -> 5060
A19: 16 | B19: Defense | C19: For squads with Archers, Resistance increased by 1% | D19: 254 | F19: =SUM(D19:E19) -> 254 | G19: =G18+F19 -> 5314
A20: 17 | B20: Defense | C20: For squads with Archers, Resistance increased by 1% | D20: 266 | F20: =SUM(D20:E20) -> 266 | G20: =G19+F20 -> 5580
A21: 18 | B21: Incapacitate | C21: When Archers cause damage, 5% of the enemy's lost soldiers will be incapacitated and cannot recover, lasting till the battle ends. | D21: 1260 | F21: =SUM(D21:E21) -> 1260 | G21: =G20+F21 -> 6840
A22: 19 | B22: Defense | C22: For squads with Archers, Resistance increased by 1% | D22: 219 | F22: =SUM(D22:E22) -> 219 | G22: =G21+F22 -> 7059
A23: 20 | B23: Defense | C23: For squads with Archers, Resistance increased by 1% | D23: 230 | F23: =SUM(D23:E23) -> 230 | G23: =G22+F23 -> 7289
A24: 21 | B24: Defense | C24: For squads with Archers, Resistance increased by 1% | D24: 241 | F24: =SUM(D24:E24) -> 241 | G24: =G23+F24 -> 7530
A25: 22 | B25: Defense | C25: For squads with Archers, Resistance increased by 1% | D25: 254 | F25: =SUM(D25:E25) -> 254 | G25: =G24+F25 -> 7784
A26: 23 | B26: Revival | C26: For squads with Archers, HP increased by 1% | D26: 266 | F26: =SUM(D26:E26) -> 266 | G26: =G25+F26 -> 8050
A27: 24 | B27: Energetic | C27: Archer's Base HP increased by 4% | D27: 476 | E27: 499 | F27: =SUM(D27:E27) -> 975 | G27: =G26+F27 -> 9025
D28: 27 | F28: =SUM(F4:F27) -> 9025 | G28: =G27 -> 9025
A30: Siege Skill II
B32: Skill | C32: BUFF | D32: Level 1 | E32: Level 2 | F32: TOTAL | G32: Progress Tracker
A33: 1 | B33: Plunder | C33: For squads with Archers, Siege Might increased by 1% | D33: 290 | F33: =SUM(D33:E33) -> 290 | G33: =F33 -> 290
A34: 2 | B34: Plunder | C34: For squads with Archers, Siege Might increased by 1% | D34: 304 | F34: =SUM(D34:E34) -> 304 | G34: =G33+F34 -> 594
A35: 3 | B35: Plunder | C35: For squads with Archers, Siege Might increased by 1% | D35: 320 | F35: =SUM(D35:E35) -> 320 | G35: =G34+F35 -> 914
A36: 4 | B36: Siege Plan | C36: In siege attacks, Archer's Tactical Might increased by 1% | D36: 336 | F36: =SUM(D36:E36) -> 336 | G36: =G35+F36 -> 1250
A37: 5 | B37: Plunder | C37: For squads with Archers, Siege Might increased by 1% | D37: 352 | F37: =SUM(D37:E37) -> 352 | G37: =G36+F37 -> 1602
A38: 6 | B38: Plunder | C38: For squads with Archers, Siege Might increased by 1% | D38: 370 | F38: =SUM(D38:E38) -> 370 | G38: =G37+F38 -> 1972
A39: 7 | B39: Siege Plan | C39: In siege attacks, Archer's Tactical Might increased by 1% | D39: 389 | F39: =SUM(D39:E39) -> 389 | G39: =G38+F39 -> 2361
A40: 8 | B40: Plunder | C40: For squads with Archers, Siege Might increased by 1% | D40: 408 | F40: =SUM(D40:E40) -> 408 | G40: =G39+F40 -> 2769
A41: 9 | B41: Plunder | C41: For squads with Archers, Siege Might increased by 1% | D41: 428 | F41: =SUM(D41:E41) -> 428 | G41: =G40+F41 -> 3197
A42: 10 | B42: Vanguard's Courage | C42: When initiating rally attacks, all Archers' Might in the formation increased by 1% | D42: 450 | F42: =SUM(D42:E42) -> 450 | G42: =G41+F42 -> 3647
A43: 11 | B43: Siege Plan | C43: In siege attacks, Archer's Tactical Might increased by 1% | D43: 472 | F43: =SUM(D43:E43) -> 472 | G43: =G42+F43 -> 4119
A44: 12 | B44: Plunder | C44: For squads with Archers, Siege Might increased by 1% | D44: 304 | F44: =SUM(D44:E44) -> 304 | G44: =G43+F44 -> 4423
A45: 13 | B45: Vanguard's Courage | C45: When initiating rally attacks, all Archers' Might in the formation increased by 1% | D45: 320 | F45: =SUM(D45:E45) -> 320 | G45: =G44+F45 -> 4743
... A48: 16 | B48: Vanguard's Defense | C48: When initiating rally attacks, all Archers' Resistance in the formation increased by 1% | D48: 320 | F48: =SUM(D48:E48) -> 320 | G48: =G47+F48 -> 5657
A49: 17 | B49: Excited | C49: In siege attacks, Archer's HP increased by 6% | D49: 571 | E49: 599 | F49: =SUM(D49:E49) -> 1170 | G49: =G48+F49 -> 6827
A50: 18 | B50: Motionless | C50: For squads with Archers, Siege Resistance increased by 1% | D50: 304 | F50: =SUM(D50:E50) -> 304 | G50: =G49+F50 -> 7131
A51: 19 | B51: Motionless | C51: For squads with Archers, Siege Resistance increased by 1% | D51: 320 | F51: =SUM(D51:E51) -> 320 | G51: =G50+F51 -> 7451
A52: 20 | B52: Siege Intel | C52: In siege attacks, Archer's Tactical Resistance increased by 1% | D52: 336 | F52: =SUM(D52:E52) -> 336 | G52: =G51+F52 -> 7787
A53: 21 | B53: Motionless | C53: For squads with Archers, Siege Resistance increased by 1% | D53: 352 | F53: =SUM(D53:E53) -> 352 | G53: =G52+F53 -> 8139
A54: 22 | B54: Motionless | C54: For squads with Archers, Siege Resistance increased by 1% | D54: 370 | F54: =SUM(D54:E54) -> 370 | G54: =G53+F54 -> 8509
A55: 23 | B55: Siege Intel | C55: In siege attacks, Archer's Tactical Resistance increased by 1% | D55: 389 | F55: =SUM(D55:E55) -> 389 | G55: =G54+F55 -> 8898
A56: 24 | B56: Motionless | C56: For squads with Archers, Siege Resistance increased by 1% | D56: 408 | F56: =SUM(D56:E56) -> 408 | G56: =G55+F56 -> 9306
A57: 25 | B57: Excited | C57: In siege attacks, Archer's HP increased by 6% | D57: 729 | E57: 765 | F57: =SUM(D57:E57) -> 1494 | G57: =G56+F57 -> 10800
A58: 26 | B58: Motionless | C58: For squads with Archers, Siege Resistance increased by 1% | D58: 428 | F58: =SUM(D58:E58) -> 428 | G58: =G57+F58 -> 11228
A59: 27 | B59: Vanguard's Defense | C59: When initiating rally attacks, all Archers' Resistance in the formation increased by 1% | D59: 450 | F59: =SUM(D59:E59) -> 450 | G59: =G58+F59 -> 11678
A60: 28 | B60: Siege Intel | C60: In siege attacks, Archer's Tactical Resistance increased by 1% | D60: 472 | F60: =SUM(D60:E60) -> 472 | G60: =G59+F60 -> 12150
A61: 29 | B61: Break Cities | C61: In siege attacks, Archers deal 5% more damage | D61: 2234 | F61: =SUM(D61:E61) -> 2234 | G61: =G60+F61 -> 14384
D62: 31 | F62: =SUM(F33:F61) -> 14384 | G62: =G61 -> 14384
A64: Defensive Skill II
B66: Skill | C66: BUFF | D66: Level 1 | E66: Level 2 | F66: TOTAL | G66: Progress Tracker
A67: 1 | B67: Defense Intel | C67: In siege defense, Archer's Tactical Resistance increased by 1% | D67: 418 | F67: =SUM(D67:E67) -> 418 | G67: =F67 -> 418
A68: 2 | B68: Stronghold | C68: For squads with Archers, Siege Defense Resistance increased by 1% | D68: 439 | F68: =SUM(D68:E68) -> 439 | G68: =G67+F68 -> 857
A69: 3 | B69: Stronghold | C69: For squads with Archers, Siege Defense Resistance increased by 1% | D69: 461 | F69: =SUM(D69:E69) -> 461 | G69: =G68+F69 -> 1318
A70: 4 | B70: Encircle | C70: When reinforcing allies in their castles, Archer's Might increased by 1% | D70: 461 | F70: =SUM(D70:E70) -> 461 | G70: =G69+F70 -> 1779
A71: 5 | B71: Stronghold | C71: For squads with Archers, Siege Defense Resistance increased by 1% | D71: 439 | F71: =SUM(D71:E71) -> 439 | G71: =G70+F71 -> 2218
A72: 6 | B72: Stronghold | C72: For squads with Archers, Siege Defense Resistance increased by 1% | D72: 461 | F72: =SUM(D72:E72) -> 461 | G72: =G71+F72 -> 2679
A73: 7 | B73: Encircle | C73: When reinforcing allies in their castles, Archer's Might increased by 1% | D73: 461 | F73: =SUM(D73:E73) -> 461 | G73: =G72+F73 -> 3140
A74: 8 | B74: Tougher Defense | C74: In siege defense, Archer's HP increased by 6% | D74: 823 | E74: 864 | F74: =SUM(D74:E74) -> 1687 | G74: =G73+F74 -> 4827
A75: 9 | B75: Perseverance | C75: For squads with Archers, Siege Defense Might increased by 1% | D75: 418 | F75: =SUM(D75:E75) -> 418 | G75: =G74+F75 -> 5245
A76: 10 | B76: Perseverance | C76: For squads with Archers, Siege Defense Might increased by 1% | D76: 439 | F76: =SUM(D76:E76) -> 439 | G76: =G75+F76 -> 5684
A77: 11 | B77: Perseverance | C77: For squads with Archers, Siege Defense Might increased by 1% | D77: 461 | F77: =SUM(D77:E77) -> 461 | G77: =G76+F77 -> 6145
A78: 12 | B78: Interception | C78: When reinforcing allies in their castles, Archer's Resistance increased by 1% | D78: 461 | F78: =SUM(D78:E78) -> 461 | G78: =G77+F78 -> 6606
A79: 13 | B79: Perseverance | C79: For squads with Archers, Siege Defense Might increased by 1% | D79: 439 | F79: =SUM(D79:E79) -> 439 | G79: =G78+F79 -> 7045
A80: 14 | B80: Perseverance | C80: For squads with Archers, Siege Defense Might increased by 1% | D80: 461 | F80: =SUM(D80:E80) -> 461 | G80: =G79+F80 -> 7506
A81: 15 | B81: Interception | C81: When reinforcing allies in their castles, Archer's Resistance increased by 1% | D81: 461 | F81: =SUM(D81:E81) -> 461 | G81: =G80+F81 -> 7967
A82: 16 | B82: Defense Plan | C82: In siege defense, Archer's Tactical Might increased by 1% | D82: 484 | F82: =SUM(D82:E82) -> 484 | G82: =G81+F82 -> 8451
A83: 17 | B83: Trap | C83: In castle defense battles, Archers deal 5% more damage | D83: 2288 | F83: =SUM(D83:E83) -> 2288 | G83: =G82+F83 -> 10739
A84: 18 | B84: Defense Plan | C84: In siege defense, Archer's Tactical Might increased by 1% | D84: 418 | F84: =SUM(D84:E84) -> 418 | G84: =G83+F84 -> 11157
A85: 19 | B85: Perseverance | C85: For squads with Archers, Siege Defense Might increased by 1% | D85: 439 | F85: =SUM(D85:E85) -> 439 | G85: =G84+F85 -> 11596
A86: 20 | B86: Perseverance | C86: For squads with Archers, Siege Defense Might increased by 1% | D86: 461 | F86: =SUM(D86:E86) -> 461 | G86: =G85+F86 -> 12057
... A98: 32 | B98: Encircle | C98: When reinforcing allies in their castles, Archer's Might increased by 1% | D98: 461 | F98: =SUM(D98:E98) -> 461 | G98: =G97+F98 -> 17503
A99: 33 | B99: Tougher Defense | C99: In siege defense, Archer's HP increased by 6% | D99: 823 | E99: 864 | F99: =SUM(D99:E99) -> 1687 | G99: =G98+F99 -> 19190
D100: 35 | F100: =SUM(F67:F99) -> 19190 | G100: =G99 -> 19190
A102: Neat Formation II
B104: Skill | C104: BUFF | D104: Level 1 | E104: Level 2 | F104: TOTAL | G104: Progress Tracker
A105: 1 | B105: Secret Intel | C105: Mid-row Archer squad's Tactical Resistance increased by 2% | D105: 530 | F105: =SUM(D105:E105) -> 530 | G105: =F105 -> 530
A106: 2 | B106: Great Courage | C106: Mid-row Archer squad's Might increased by 2% | D106: 557 | F106: =SUM(D106:E106) -> 557 | G106: =G105+F106 -> 1087
A107: 3 | B107: Great Courage | C107: Mid-row Archer squad's Might increased by 2% | D107: 585 | F107: =SUM(D107:E107) -> 585 | G107: =G106+F107 -> 1672
A108: 4 | B108: Great Courage | C108: Mid-row Archer squad's Might increased by 2% | D108: 614 | F108: =SUM(D108:E108) -> 614 | G108: =G107+F108 -> 2286
A109: 5 | B109: Secret Intel | C109: Mid-row Archer squad's Tactical Resistance increased by 2% | D109: 557 | F109: =SUM(D109:E109) -> 557 | G109: =G108+F109 -> 2843
A110: 6 | B110: Smart Scheme | C110: Mid-row Archer squad's Tactical Might increased by 2% | D110: 585 | F110: =SUM(D110:E110) -> 585 | G110: =G109+F110 -> 3428
A111: 7 | B111: Smart Scheme | C111: Mid-row Archer squad's Tactical Might increased by 2% | D111: 614 | F111: =SUM(D111:E111) -> 614 | G111: =G110+F111 -> 4042
A112: 8 | B112: Solid Defense | C112: Mid-row Archer squad's Resistance increased by 2% | D112: 557 | F112: =SUM(D112:E112) -> 557 | G112: =G111+F112 -> 4599
A113: 9 | B113: Solid Defense | C113: Mid-row Archer squad's Resistance increased by 2% | D113: 585 | F113: =SUM(D113:E113) -> 585 | G113: =G112+F113 -> 5184
A114: 10 | B114: Solid Defense | C114: Mid-row Archer squad's Resistance increased by 2% | D114: 614 | F114: =SUM(D114:E114) -> 614 | G114: =G113+F114 -> 5798
A115: 11 | B115: Great Vitality | C115: Mid-row Archer squad's HP increased by 10% | D115: 1096 | E115: 1151 | F115: =SUM(D115:E115) -> 2247 | G115: =G114+F115 -> 8045
A116: 12 | B116: Vanguard's Intel | C116: Front-row Archer squad's Tactical Resistance increased by 2% | D116: 530 | F116: =SUM(D116:E116) -> 530 | G116: =G115+F116 -> 8575
A117: 13 | B117: Frontal Defense | C117: Front-row Archer squad's Resistance increased by 2% | D117: 557 | F117: =SUM(D117:E117) -> 557 | G117: =G116+F117 -> 9132
A118: 14 | B118: Frontal Defense | C118: Front-row Archer squad's Resistance increased by 2% | D118: 585 | F118: =SUM(D118:E118) -> 585 | G118: =G117+F118 -> 9717
A119: 15 | B119: Frontal Defense | C119: Front-row Archer squad's Resistance increased by 2% | D119: 614 | F119: =SUM(D119:E119) -> 614 | G119: =G118+F119 -> 10331
A120: 16 | B120: Vanguard's Intel | C120: Front-row Archer squad's Tactical Resistance increased by 2% | D120: 557 | F120: =SUM(D120:E120) -> 557 | G120: =G119+F120 -> 10888
...

Sheet Footman Training V
A1: Footman Training V
B3: Skill | C3: BUFF | D3: Level 1 | E3: Level 2 | F3: TOTAL | G3: Progress Tracker
A4: 1 | B4: Courage | C4: For squads with Footmen, Might increased by 1% | D4: 165 | F4: =SUM(D4:E4) -> 165 | G4: =F4 -> 165
A5: 2 | B5: Defense | C5: For squads with Footmen, Resistance increased by 1% | D5: 165 | F5: =SUM(D5:E5) -> 165 | G5: =G4+F5 -> 330
A6: 3 | B6: Revival | C6: For squads with Footmen, HP increased by 2% | D6: 294 | E6: 309 | F6: =SUM(D6:E6) -> 603 | G6: =G5+F6 -> 933
A7: 4 | B7: Courage | C7: For squads with Footmen, Might increased by 1% | D7: 183 | F7: =SUM(D7:E7) -> 183 | G7: =G6+F7 -> 1116
A8: 5 | B8: Courage | C8: For squads with Footmen, Might increased by 1% | D8: 191 | F8: =SUM(D8:E8) -> 191 | G8: =G7+F8 -> 1307
A9: 6 | B9: Courage | C9: For squads with Footmen, Might increased by 1% | D9: 200 | F9: =SUM(D9:E9) -> 200 | G9: =G8+F9 -> 1507
A10: 7 | B10: Courage | C10: For squads with Footmen, Might increased by 1% | D10: 210 | F10: =SUM(D10:E10) -> 210 | G10: =G9+F10 -> 1717
A11: 8 | B11: Energetic | C11: Footman's Base HP increased by 2% | D11: 221 | E11: 221 | F11: =SUM(D11:E11) -> 442 | G11: =G10+F11 -> 2159
A12: 9 | B12: Defense | C12: For squads with Footmen, Resistance increased by 1% | D12: 183 | F12: =SUM(D12:E12) -> 183 | G12: =G11+F12 -> 2342
A13: 10 | B13: Defense | C13: For squads with Footmen, Resistance increased by 1% | D13: 191 | F13: =SUM(D13:E13) -> 191 | G13: =G12+F13 -> 2533
A14: 11 | B14: Defense | C14: For squads with Footmen, Resistance increased by 1% | D14: 200 | F14: =SUM(D14:E14) -> 200 | G14: =G13+F14 -> 2733
A15: 12 | B15: Defense | C15: For squads with Footmen, Resistance increased by 1% | D15: 210 | F15: =SUM(D15:E15) -> 210 | G15: =G14+F15 -> 2943
A16: 13 | B16: Frenzy Fighter | C16: Footman's Base Might increased by 2% | D16: 221 | E16: 221 | F16: =SUM(D16:E16) -> 442 | G16: =G15+F16 -> 3385
A17: 14 | B17: Mental Attack | C17: For every 25% troop power loss, 50% chance to steal 5% Skill and Physical Damage from 1 random enemy squad(s), lasting 2 rounds | D17: 1046 | F17: =SUM(D17:E17) -> 1046 | G17: =G16+F17 -> 4431
D18: 17 | F18: =SUM(F4:F17) -> 4431 | G18: =G17 -> 4431
A20: Encounter Battle III
B22: Skill | C22: BUFF | D22: Level 1 | E22: Level 2 | F22: TOTAL | G22: Progress Tracker
A23: 1 | B23: Raid | C23: Footman's Might in non-siege battles increased by 1% | D23: 394 | F23: =SUM(D23:E23) -> 394 | G23: =F23 -> 394
A24: 2 | B24: Raid | C24: Footman's Might in non-siege battles increased by 1% | D24: 413 | F24: =SUM(D24:E24) -> 413 | G24: =G23+F24 -> 807
A25: 3 | B25: Raid | C25: Footman's Might in non-siege battles increased by 1% | D25: 434 | F25: =SUM(D25:E25) -> 434 | G25: =G24+F25 -> 1241
A26: 4 | B26: Extermination | C26: Footman's Resistance in non-siege battles increased by 1% | D26: 394 | F26: =SUM(D26:E26) -> 394 | G26: =G25+F26 -> 1635
A27: 5 | B27: Extermination | C27: Footman's Resistance in non-siege battles increased by 1% | D27: 413 | F27: =SUM(D27:E27) -> 413 | G27: =G26+F27 -> 2048
A28: 6 | B28: Extermination | C28: Footman's Resistance in non-siege battles increased by 1% | D28: 434 | F28: =SUM(D28:E28) -> 434 | G28: =G27+F28 -> 2482
A29: 7 | B29: Raid | C29: Footman's Might in non-siege battles increased by 1% | D29: 456 | F29: =SUM(D29:E29) -> 456 | G29: =G28+F29 -> 2938
A30: 8 | B30: Survival in the Wild | C30: Footman's HP in non-siege battles increased by 4% | D30: 813 | E30: 854 | F30: =SUM(D30:E30) -> 1667 | G30: =G29+F30 -> 4605
A31: 9 | B31: Raid | C31: Footman's Might in non-siege battles increased by 1% | D31: 503 | F31: =SUM(D31:E31) -> 503 | G31: =G30+F31 -> 5108
A32: 10 | B32: Field Intel | C32: Footman's Tactical Resistance in non-siege battles increased by 1% | D32: 528 | F32: =SUM(D32:E32) -> 528 | G32: =G31+F32 -> 5636
A33: 11 | B33: Raid | C33: Footman's Might in non-siege battles increased by 1% | D33: 554 | F33: =SUM(D33:E33) -> 554 | G33: =G32+F33 -> 6190
A34: 12 | B34: Solidarity | C34: When joining rally attacks, Footman's Resistance increased by 1% | D34: 582 | F34: =SUM(D34:E34) -> 582 | G34: =G33+F34 -> 6772
A35: 13 | B35: Raid | C35: Footman's Might in non-siege battles increased by 1% | D35: 610 | F35: =SUM(D35:E35) -> 610 | G35: =G34+F35 -> 7382
A36: 14 | B36: Field Intel | C36: Footman's Tactical Resistance in non-siege battles increased by 1% | D36: 641 | F36: =SUM(D36:E36) -> 641 | G36: =G35+F36 -> 8023
A37: 15 | B37: Raid | C37: Footman's Might in non-siege battles increased by 1% | D37: 673 | F37: =SUM(D37:E37) -> 673 | G37: =G36+F37 -> 8696
A38: 16 | B38: Extermination | C38: Footman's Resistance in non-siege battles increased by 1% | D38: 503 | F38: =SUM(D38:E38) -> 503 | G38: =G37+F38 -> 9199
A39: 17 | B39: Ambush in the Wild | C39: Footman's Tactical Might in non-siege battles increased by 1% | D39: 528 | F39: =SUM(D39:E39) -> 528 | G39: =G38+F39 -> 9727
A40: 18 | B40: Extermination | C40: Footman's Resistance in non-siege battles increased by 1% | D40: 554 | F40: =SUM(D40:E40) -> 554 | G40: =G39+F40 -> 10281
A41: 19 | B41: Cooperation | C41: When joining rally attacks, Footmen Might increased by 1% | D41: 582 | F41: =SUM(D41:E41) -> 582 | G41: =G40+F41 -> 10863
A42: 20 | B42: Extermination | C42: Footman's Resistance in non-siege battles increased by 1% | D42: 610 | F42: =SUM(D42:E42) -> 610 | G42: =G41+F42 -> 11473
... A46: 24 | B46: Extermination | C46: Footman's Resistance in non-siege battles increased by 1% | D46: 478 | F46: =SUM(D46:E46) -> 478 | G46: =G45+F46 -> 16446
D47: 25 | F47: =SUM(F23:F46) -> 16446 | G47: =G46 -> 16446
A49: Call of Glory III
B51: Skill | C51: BUFF | D51: Level 1 | E51: Level 2 | F51: TOTAL | G51: Progress Tracker
A52: 1 | B52: Charge | C52: In Reign of Chaos seasons, Footman's Might increased by 1% | D52: 523 | F52: =SUM(D52:E52) -> 523 | G52: =F52 -> 523
A53: 2 | B53: Charge | C53: In Reign of Chaos seasons, Footman's Might increased by 1% | D53: 550 | F53: =SUM(D53:E53) -> 550 | G53: =G52+F53 -> 1073
A54: 3 | B54: Charge | C54: In Reign of Chaos seasons, Footman's Might increased by 1% | D54: 578 | F54: =SUM(D54:E54) -> 578 | G54: =G53+F54 -> 1651
A55: 4 | B55: Charge | C55: In Reign of Chaos seasons, Footman's Might increased by 1% | D55: 607 | F55: =SUM(D55:E55) -> 607 | G55: =G54+F55 -> 2258
A56: 5 | B56: Charge | C56: In Reign of Chaos seasons, Footman's Might increased by 1% | D56: 607 | F56: =SUM(D56:E56) -> 607 | G56: =G55+F56 -> 2865
A57: 6 | B57: Charge | C57: In Reign of Chaos seasons, Footman's Might increased by 1% | D57: 636 | F57: =SUM(D57:E57) -> 636 | G57: =G56+F57 -> 3501
A58: 7 | B58: Solidarity | C58: When joining rally attacks, Footman's Resistance increased by 1% | D58: 669 | F58: =SUM(D58:E58) -> 669 | G58: =G57+F58 -> 4170
A59: 8 | B59: Stronghold | C59: In Reign of Chaos seasons, Footman's Resistance increased by 1% | D59: 523 | F59: =SUM(D59:E59) -> 523 | G59: =G58+F59 -> 4693
A60: 9 | B60: Stronghold | C60: In Reign of Chaos seasons, Footman's Resistance increased by 1% | D60: 550 | F60: =SUM(D60:E60) -> 550 | G60: =G59+F60 -> 5243
A61: 10 | B61: Stronghold | C61: In Reign of Chaos seasons, Footman's Resistance increased by 1% | D61: 578 | F61: =SUM(D61:E61) -> 578 | G61: =G60+F61 -> 5821
A62: 11 | B62: Stronghold | C62: In Reign of Chaos seasons, Footman's Resistance increased by 1% | D62: 607 | F62: =SUM(D62:E62) -> 607 | G62: =G61+F62 -> 6428
A63: 12 | B63: Stronghold | C63: In Reign of Chaos seasons, Footman's Resistance increased by 1% | D63: 607 | F63: =SUM(D63:E63) -> 607 | G63: =G62+F63 -> 7035
A64: 13 | B64: Stronghold | C64: In Reign of Chaos seasons, Footman's Resistance increased by 1% | D64: 636 | F64: =SUM(D64:E64) -> 636 | G64: =G63+F64 -> 7671
A65: 14 | B65: Logistics Support | C65: In Reign of Chaos seasons, Footman's HP increased by 4% | D65: 1083 | E65: 1137 | F65: =SUM(D65:E65) -> 2220 | G65: =G64+F65 -> 9891
A66: 15 | B66: Unyielding | C66: After entering the battlefield, Footman's Resistance increased by 1% | D66: 523 | F66: =SUM(D66:E66) -> 523 | G66: =G65+F66 -> 10414
A67: 16 | B67: Unyielding | C67: After entering the battlefield, Footman's Resistance increased by 1% | D67: 550 | F67: =SUM(D67:E67) -> 550 | G67: =G66+F67 -> 10964
A68: 17 | B68: Unyielding | C68: After entering the battlefield, Footman's Resistance increased by 1% | D68: 578 | F68: =SUM(D68:E68) -> 578 | G68: =G67+F68 -> 11542
A69: 18 | B69: Unyielding | C69: After entering the battlefield, Footman's Resistance increased by 1% | D69: 607 | F69: =SUM(D69:E69) -> 607 | G69: =G68+F69 -> 12149
A70: 19 | B70: Battlefield Revival | C70: After entering the battlefield, Footman's HP increased by 4% | D70: 1083 | E70: 1137 | F70: =SUM(D70:E70) -> 2220 | G70: =G69+F70 -> 14369
A71: 20 | B71: Vanguard's Blessing I | C71: In round 6, (the number of Footman squads of the Legion *8%) chance to magnify the restoring effect of your front-row Footman squad by 10% for 1 round(s) | D71: 3009 | F71: =SUM(D71:E71) -> 3009 | G71: =G70+F71 -> 17378
A72: 21 | B72: Unyielding | C72: After entering the battlefield, Footman's Resistance increased by 1% | D72: 607 | F72: =SUM(D72:E72) -> 607 | G72: =G71+F72 -> 17985
A73: 22 | B73: Unyielding | C73: After entering the battlefield, Footman's Resistance increased by 1% | D73: 636 | F73: =SUM(D73:E73) -> 636 | G73: =G72+F73 -> 18621
A74: 23 | B74: March | C74: After entering the battlefield, Footman's Might increased by 1% | D74: 523 | F74: =SUM(D74:E74) -> 523 | G74: =G73+F74 -> 19144
A75: 24 | B75: March | C75: After entering the battlefield, Footman's Might increased by 1% | D75: 550 | F75: =SUM(D75:E75) -> 550 | G75: =G74+F75 -> 19694
A76: 25 | B76: March | C76: After entering the battlefield, Footman's Might increased by 1% | D76: 578 | F76: =SUM(D76:E76) -> 578 | G76: =G75+F76 -> 20272
A77: 26 | B77: March | C77: After entering the battlefield, Footman's Might increased by 1% | D77: 607 | F77: =SUM(D77:E77) -> 607 | G77: =G76+F77 -> 20879
A78: 27 | B78: March | C78: After entering the battlefield, Footman's Might increased by 1% | D78: 607 | F78: =SUM(D78:E78) -> 607 | G78: =G77+F78 -> 21486
A79: 28 | B79: March | C79: After entering the battlefield, Footman's Might increased by 1% | D79: 636 | F79: =SUM(D79:E79) -> 636 | G79: =G78+F79 -> 22122
A80: 29 | B80: Cooperation | C80: When joining rally attacks, Footmen Might increased by 1% | D80: 669 | F80: =SUM(D80:E80) -> 669 | G80: =G79+F80 -> 22791
D81: 31 | F81: =SUM(F52:F80) -> 22791 | G81: =G80 -> 22791
A83: Enhanced Tactics III
B85: Skill | C85: BUFF | D85: Level 1 | E85: Level 2 | F85: TOTAL | G85: Progress Tracker
A86: 1 | B86: Siege Intel | C86: In siege attacks, Footman's Tactical Resistance increased by 1% | D86: 614 | F86: =SUM(D86:E86) -> 614 | G86: =F86 -> 614
A87: 2 | B87: Siege Intel | C87: In siege attacks, Footman's Tactical Resistance increased by 1% | D87: 645 | F87: =SUM(D87:E87) -> 645 | G87: =G86+F87 -> 1259
A88: 3 | B88: Siege Intel | C88: In siege attacks, Footman's Tactical Resistance increased by 1% | D88: 677 | F88: =SUM(D88:E88) -> 677 | G88: =G87+F88 -> 1936
A89: 4 | B89: Defense Plan | C89: In siege defense, Footman's Tactical Might increased by 1% | D89: 677 | F89: =SUM(D89:E89) -> 677 | G89: =G88+F89 -> 2613
A90: 5 | B90: Defense Plan | C90: In siege defense, Footman's Tactical Might increased by 1% | D90: 645 | F90: =SUM(D90:E90) -> 645 | G90: =G89+F90 -> 3258
A91: 6 | B91: Defense Plan | C91: In siege defense, Footman's Tactical Might increased by 1% | D91: 677 | F91: =SUM(D91:E91) -> 677 | G91: =G90+F91 -> 3935
A92: 7 | B92: Defense Plan | C92: In siege defense, Footman's Tactical Might increased by 1% | D92: 677 | F92: =SUM(D92:E92) -> 677 | G92: =G91+F92 -> 4612
A93: 8 | B93: Revival | C93: For squads with Footmen, HP increased by 4% | D93: 1209 | E93: 1269 | F93: =SUM(D93:E93) -> 2478 | G93: =G92+F93 -> 7090
A94: 9 | B94: Siege Plan | C94: In siege attacks, Footman's Tactical Might increased by 1% | D94: 614 | F94: =SUM(D94:E94) -> 614 | G94: =G93+F94 -> 7704
A95: 10 | B95: Siege Plan | C95: In siege attacks, Footman's Tactical Might increased by 1% | D95: 645 | F95: =SUM(D95:E95) -> 645 | G95: =G94+F95 -> 8349
A96: 11 | B96: Siege Intel | C96: In siege attacks, Footman's Tactical Resistance increased by 1% | D96: 677 | F96: =SUM(D96:E96) -> 677 | G96: =G95+F96 -> 9026
A97: 12 | B97: Siege Intel | C97: In siege attacks, Footman's Tactical Resistance increased by 1% | D97: 677 | F97: =SUM(D97:E97) -> 677 | G97: =G96+F97 -> 9703
A98: 13 | B98: Siege Plan | C98: In siege attacks, Footman's Tactical Might increased by 1% | D98: 645 | F98: =SUM(D98:E98) -> 645 | G98: =G97+F98 -> 10348
A99: 14 | B99: Siege Plan | C99: In siege attacks, Footman's Tactical Might increased by 1% | D99: 677 | F99: =SUM(D99:E99) -> 677 | G99: =G98+F99 -> 11025
A100: 15 | B100: Siege Plan | C100: In siege attacks, Footman's Tactical Might increased by 1% | D100: 677 | F100: =SUM(D100:E100) -> 677 | G100: =G99+F100 -> 11702
A101: 16 | B101: Defense Plan | C101: In siege defense, Footman's Tactical Might increased by 1% | D101: 711 | F101: =SUM(D101:E101) -> 711 | G101: =G100+F101 -> 12413
A102: 17 | B102: Hide the Weakness I | C102: In round 7, if your Footman squad is the one with the lowest troop power among friendly squads, gain 30% Immunity against the Fatal Blow and Destructive Strike, lasting 2 round(s) | D102: 3360 | F102: =SUM(D102:E102) -> 3360 | G102: =G101+F102 -> 15773
A103: 18 | B103: Ambush in the Wild | C103: Footman's Tactical Might in non-siege battles increased by 1% | D103: 614 | F103: =SUM(D103:E103) -> 614 | G103: =G102+F103 -> 16387
A104: 19 | B104: Field Intel | C104: Footman's Tactical Resistance in non-siege battles increased by 1% | D104: 645 | F104: =SUM(D104:E104) -> 645 | G104: =G103+F104 -> 17032
A105: 20 | B105: Field Intel | C105: Footman's Tactical Resistance in non-siege battles increased by 1% | D105: 677 | F105: =SUM(D105:E105) -> 677 | G105: =G104+F105 -> 17709
... A117: 32 | B117: Ambush in the Wild | C117: Footman's Tactical Might in non-siege battles increased by 1% | D117: 677 | F117: =SUM(D117:E117) -> 677 | G117: =G116+F117 -> 25708
A118: 33 | B118: Revival | C118: For squads with Footmen, HP increased by 4% | D118: 1209 | E118: 1269 | F118: =SUM(D118:E118) -> 2478 | G118: =G117+F118 -> 28186
D119: 35 | F119: =SUM(F86:F118) -> 28186 | G119: =G118 -> 28186

Sheet Cavalry Training V
A1: Cavalry Training V
B3: Skill | C3: BUFF | D3: Level 1 | E3: Level 2 | F3: TOTAL | G3: Progress Tracker
A4: 1 | B4: Defense | C4: For squads with Cavalry, Resistance increased by 1% | D4: 165 | F4: =SUM(D4:E4) -> 165 | G4: =F4 -> 165
A5: 2 | B5: Courage | C5: For squads with Cavalry, Might increased by 1% | D5: 165 | F5: =SUM(D5:E5) -> 165 | G5: =G4+F5 -> 330
A6: 3 | B6: Revival | C6: For squads with Cavalry, HP increased by 2% | D6: 294 | E6: 309 | F6: =SUM(D6:E6) -> 603 | G6: =G5+F6 -> 933
A7: 4 | B7: Defense | C7: For squads with Cavalry, Resistance increased by 1% | D7: 183 | F7: =SUM(D7:E7) -> 183 | G7: =G6+F7 -> 1116
A8: 5 | B8: Defense | C8: For squads with Cavalry, Resistance increased by 1% | D8: 191 | F8: =SUM(D8:E8) -> 191 | G8: =G7+F8 -> 1307
A9: 6 | B9: Defense | C9: For squads with Cavalry, Resistance increased by 1% | D9: 200 | F9: =SUM(D9:E9) -> 200 | G9: =G8+F9 -> 1507
A10: 7 | B10: Defense | C10: For squads with Cavalry, Resistance increased by 1% | D10: 210 | F10: =SUM(D10:E10) -> 210 | G10: =G9+F10 -> 1717
A11: 8 | B11: Frenzy Fighter | C11: Cavalry's Base Might increased by 2% | D11: 221 | E11: 221 | F11: =SUM(D11:E11) -> 442 | G11: =G10+F11 -> 2159
A12: 9 | B12: Courage | C12: For squads with Cavalry, Might increased by 1% | D12: 183 | F12: =SUM(D12:E12) -> 183 | G12: =G11+F12 -> 2342
A13: 10 | B13: Courage | C13: For squads with Cavalry, Might increased by 1% | D13: 191 | F13: =SUM(D13:E13) -> 191 | G13: =G12+F13 -> 2533
A14: 11 | B14: Courage | C14: For squads with Cavalry, Might increased by 1% | D14: 200 | F14: =SUM(D14:E14) -> 200 | G14: =G13+F14 -> 2733
A15: 12 | B15: Courage | C15: For squads with Cavalry, Might increased by 1% | D15: 210 | F15: =SUM(D15:E15) -> 210 | G15: =G14+F15 -> 2943
A16: 13 | B16: Revival | C16: Cavalry's Base HP increased by 2% | D16: 221 | E16: 221 | F16: =SUM(D16:E16) -> 442 | G16: =G15+F16 -> 3385
A17: 14 | B17: Extra Courage | C17: For every 25% troop power loss, 50% chance to make your squad deal +10% Skill and Physical Damage, lasting 2 round(s) | D17: 1046 | F17: =SUM(D17:E17) -> 1046 | G17: =G16+F17 -> 4431
D18: 17 | F18: =SUM(F4:F17) -> 4431 | G18: =G17 -> 4431
A20: Encounter Battle III
B22: Skill | C22: BUFF | D22: Level 1 | E22: Level 2 | F22: TOTAL | G22: Progress Tracker
A23: 1 | B23: Extermination | C23: Cavalry's Resistance in non-siege battles increased by 1% | D23: 394 | F23: =SUM(D23:E23) -> 394 | G23: =F23 -> 394
A24: 2 | B24: Extermination | C24: Cavalry's Resistance in non-siege battles increased by 1% | D24: 413 | F24: =SUM(D24:E24) -> 413 | G24: =G23+F24 -> 807
A25: 3 | B25: Extermination | C25: Cavalry's Resistance in non-siege battles increased by 1% | D25: 434 | F25: =SUM(D25:E25) -> 434 | G25: =G24+F25 -> 1241
A26: 4 | B26: Raid | C26: Cavalry Might in non-siege battles increased by 1% | D26: 394 | F26: =SUM(D26:E26) -> 394 | G26: =G25+F26 -> 1635
A27: 5 | B27: Raid | C27: Cavalry Might in non-siege battles increased by 1% | D27: 413 | F27: =SUM(D27:E27) -> 413 | G27: =G26+F27 -> 2048
A28: 6 | B28: Raid | C28: Cavalry Might in non-siege battles increased by 1% | D28: 434 | F28: =SUM(D28:E28) -> 434 | G28: =G27+F28 -> 2482
A29: 7 | B29: Raid | C29: Cavalry Might in non-siege battles increased by 1% | D29: 456 | F29: =SUM(D29:E29) -> 456 | G29: =G28+F29 -> 2938
A30: 8 | B30: Survival in the Wild | C30: Cavalry's HP in non-siege battles increased by 4% | D30: 813 | E30: 854 | F30: =SUM(D30:E30) -> 1667 | G30: =G29+F30 -> 4605
A31: 9 | B31: Extermination | C31: Cavalry's Resistance in non-siege battles increased by 1% | D31: 503 | F31: =SUM(D31:E31) -> 503 | G31: =G30+F31 -> 5108
A32: 10 | B32: Ambush in the Wild | C32: Cavalry Tactical Might in non-siege battles increased by 1% | D32: 528 | F32: =SUM(D32:E32) -> 528 | G32: =G31+F32 -> 5636
A33: 11 | B33: Extermination | C33: Cavalry's Resistance in non-siege battles increased by 1% | D33: 554 | F33: =SUM(D33:E33) -> 554 | G33: =G32+F33 -> 6190
A34: 12 | B34: Cooperation | C34: When joining rally attacks, Cavalry Might increased by 1% | D34: 582 | F34: =SUM(D34:E34) -> 582 | G34: =G33+F34 -> 6772
A35: 13 | B35: Extermination | C35: Cavalry's Resistance in non-siege battles increased by 1% | D35: 610 | F35: =SUM(D35:E35) -> 610 | G35: =G34+F35 -> 7382
A36: 14 | B36: Ambush in the Wild | C36: Cavalry Tactical Might in non-siege battles increased by 1% | D36: 641 | F36: =SUM(D36:E36) -> 641 | G36: =G35+F36 -> 8023
A37: 15 | B37: Extermination | C37: Cavalry's Resistance in non-siege battles increased by 1% | D37: 673 | F37: =SUM(D37:E37) -> 673 | G37: =G36+F37 -> 8696
A38: 16 | B38: Raid | C38: Cavalry Might in non-siege battles increased by 1% | D38: 503 | F38: =SUM(D38:E38) -> 503 | G38: =G37+F38 -> 9199
A39: 17 | B39: Field Intel | C39: Cavalry's Tactical Resistance in non-siege battles increased by 1% | D39: 528 | F39: =SUM(D39:E39) -> 528 | G39: =G38+F39 -> 9727
A40: 18 | B40: Raid | C40: Cavalry Might in non-siege battles increased by 1% | D40: 554 | F40: =SUM(D40:E40) -> 554 | G40: =G39+F40 -> 10281
A41: 19 | B41: Solidarity | C41: When joining rally attacks, Cavalry's Resistance increased by 1% | D41: 582 | F41: =SUM(D41:E41) -> 582 | G41: =G40+F41 -> 10863
A42: 20 | B42: Raid | C42: Cavalry Might in non-siege battles increased by 1% | D42: 610 | F42: =SUM(D42:E42) -> 610 | G42: =G41+F42 -> 11473
... A46: 24 | B46: Extermination | C46: Cavalry's Resistance in non-siege battles increased by 1% | D46: 478 | F46: =SUM(D46:E46) -> 478 | G46: =G45+F46 -> 16446
D47: 25 | F47: =SUM(F23:F46) -> 16446 | G47: =G46 -> 16446
A49: Call of Glory III
B51: Skill | C51: BUFF | D51: Level 1 | E51: Level 2 | F51: TOTAL | G51: Progress Tracker
A52: 1 | B52: March | C52: After entering the battlefield, Cavalry Might increased by 1% | D52: 523 | F52: =SUM(D52:E52) -> 523 | G52: =F52 -> 523
A53: 2 | B53: March | C53: After entering the battlefield, Cavalry Might increased by 1% | D53: 550 | F53: =SUM(D53:E53) -> 550 | G53: =G52+F53 -> 1073
A54: 3 | B54: March | C54: After entering the battlefield, Cavalry Might increased by 1% | D54: 578 | F54: =SUM(D54:E54) -> 578 | G54: =G53+F54 -> 1651
A55: 4 | B55: March | C55: After entering the battlefield, Cavalry Might increased by 1% | D55: 607 | F55: =SUM(D55:E55) -> 607 | G55: =G54+F55 -> 2258
A56: 5 | B56: March | C56: After entering the battlefield, Cavalry Might increased by 1% | D56: 607 | F56: =SUM(D56:E56) -> 607 | G56: =G55+F56 -> 2865
A57: 6 | B57: March | C57: After entering the battlefield, Cavalry Might increased by 1% | D57: 636 | F57: =SUM(D57:E57) -> 636 | G57: =G56+F57 -> 3501
A58: 7 | B58: Cooperation | C58: When joining rally attacks, Cavalry Might increased by 1% | D58: 669 | F58: =SUM(D58:E58) -> 669 | G58: =G57+F58 -> 4170
A59: 8 | B59: Unyielding | C59: After entering the battlefield, Cavalry's Resistance increased by 1% | D59: 523 | F59: =SUM(D59:E59) -> 523 | G59: =G58+F59 -> 4693
A60: 9 | B60: Unyielding | C60: After entering the battlefield, Cavalry's Resistance increased by 1% | D60: 550 | F60: =SUM(D60:E60) -> 550 | G60: =G59+F60 -> 5243
A61: 10 | B61: Unyielding | C61: After entering the battlefield, Cavalry's Resistance increased by 1% | D61: 578 | F61: =SUM(D61:E61) -> 578 | G61: =G60+F61 -> 5821
A62: 11 | B62: Unyielding | C62: After entering the battlefield, Cavalry's Resistance increased by 1% | D62: 607 | F62: =SUM(D62:E62) -> 607 | G62: =G61+F62 -> 6428
A63: 12 | B63: Unyielding | C63: After entering the battlefield, Cavalry's Resistance increased by 1% | D63: 607 | F63: =SUM(D63:E63) -> 607 | G63: =G62+F63 -> 7035
A64: 13 | B64: Unyielding | C64: After entering the battlefield, Cavalry's Resistance increased by 1% | D64: 636 | F64: =SUM(D64:E64) -> 636 | G64: =G63+F64 -> 7671
A65: 14 | B65: Battlefield Revival | C65: After entering the battlefield, Cavalry HP increased by 4% | D65: 1083 | E65: 1137 | F65: =SUM(D65:E65) -> 2220 | G65: =G64+F65 -> 9891
A66: 15 | B66: Stronghold | C66: In Reign of Chaos seasons, Cavalry's Resistance increased by 1% | D66: 523 | F66: =SUM(D66:E66) -> 523 | G66: =G65+F66 -> 10414
A67: 16 | B67: Stronghold | C67: In Reign of Chaos seasons, Cavalry's Resistance increased by 1% | D67: 550 | F67: =SUM(D67:E67) -> 550 | G67: =G66+F67 -> 10964
A68: 17 | B68: Stronghold | C68: In Reign of Chaos seasons, Cavalry's Resistance increased by 1% | D68: 578 | F68: =SUM(D68:E68) -> 578 | G68: =G67+F68 -> 11542
A69: 18 | B69: Stronghold | C69: In Reign of Chaos seasons, Cavalry's Resistance increased by 1% | D69: 607 | F69: =SUM(D69:E69) -> 607 | G69: =G68+F69 -> 12149
A70: 19 | B70: Revival in Chaos | C70: In Reign of Chaos seasons, Cavalry's HP increased by 4% | D70: 1083 | E70: 1137 | F70: =SUM(D70:E70) -> 2220 | G70: =G69+F70 -> 14369
A71: 20 | B71: Stronghold | C71: In Reign of Chaos seasons, Cavalry's Resistance increased by 1% | D71: 607 | F71: =SUM(D71:E71) -> 607 | G71: =G70+F71 -> 14976
A72: 21 | B72: Stronghold | C72: In Reign of Chaos seasons, Cavalry's Resistance increased by 1% | D72: 636 | F72: =SUM(D72:E72) -> 636 | G72: =G71+F72 -> 15612
A73: 22 | B73: Charge | C73: In Reign of Chaos seasons, Cavalry Might increased by 1% | D73: 523 | F73: =SUM(D73:E73) -> 523 | G73: =G72+F73 -> 16135
A74: 23 | B74: Charge | C74: In Reign of Chaos seasons, Cavalry Might increased by 1% | D74: 550 | F74: =SUM(D74:E74) -> 550 | G74: =G73+F74 -> 16685
A75: 24 | B75: Charge | C75: In Reign of Chaos seasons, Cavalry Might increased by 1% | D75: 578 | F75: =SUM(D75:E75) -> 578 | G75: =G74+F75 -> 17263
A76: 25 | B76: Charge | C76: In Reign of Chaos seasons, Cavalry Might increased by 1% | D76: 607 | F76: =SUM(D76:E76) -> 607 | G76: =G75+F76 -> 17870
A77: 26 | B77: Charge | C77: In Reign of Chaos seasons, Cavalry Might increased by 1% | D77: 607 | F77: =SUM(D77:E77) -> 607 | G77: =G76+F77 -> 18477
A78: 27 | B78: Charge | C78: In Reign of Chaos seasons, Cavalry Might increased by 1% | D78: 636 | F78: =SUM(D78:E78) -> 636 | G78: =G77+F78 -> 19113
A79: 28 | B79: Solidarity | C79: When joining rally attacks, Cavalry's Resistance increased by 1% | D79: 669 | F79: =SUM(D79:E79) -> 669 | G79: =G78+F79 -> 19782
A80: 29 | B80: Restart II | C80: In round 2, (the number of Cavalry squads of the Legion *8%) chance to remove the debuff on your back-row Cavalry squad instantly (excluding the debuffs from Pre-Battle Skills) | D80: 3009 | F80: =SUM(D80:E80) -> 3009 | G80: =G79+F80 -> 22791
D81: 31 | F81: =SUM(F52:F80) -> 22791 | G81: =G80 -> 22791
A83: Enhanced Tactics III
B85: Skill | C85: BUFF | D85: Level 1 | E85: Level 2 | F85: TOTAL | G85: Progress Tracker
A86: 1 | B86: Defense Intel | C86: In siege defense, Cavalry's Tactical Resistance increased by 1% | D86: 614 | F86: =SUM(D86:E86) -> 614 | G86: =F86 -> 614
A87: 2 | B87: Defense Intel | C87: In siege defense, Cavalry's Tactical Resistance increased by 1% | D87: 645 | F87: =SUM(D87:E87) -> 645 | G87: =G86+F87 -> 1259
A88: 3 | B88: Defense Intel | C88: In siege defense, Cavalry's Tactical Resistance increased by 1% | D88: 677 | F88: =SUM(D88:E88) -> 677 | G88: =G87+F88 -> 1936
A89: 4 | B89: Defense Intel | C89: In siege defense, Cavalry's Tactical Resistance increased by 1% | D89: 677 | F89: =SUM(D89:E89) -> 677 | G89: =G88+F89 -> 2613
A90: 5 | B90: Defense Intel | C90: In siege defense, Cavalry's Tactical Resistance increased by 1% | D90: 645 | F90: =SUM(D90:E90) -> 645 | G90: =G89+F90 -> 3258
A91: 6 | B91: Ambush in the Wild | C91: Cavalry Tactical Might in non-siege battles increased by 1% | D91: 677 | F91: =SUM(D91:E91) -> 677 | G91: =G90+F91 -> 3935
A92: 7 | B92: Ambush in the Wild | C92: Cavalry Tactical Might in non-siege battles increased by 1% | D92: 677 | F92: =SUM(D92:E92) -> 677 | G92: =G91+F92 -> 4612
A93: 8 | B93: Revival | C93: For squads with Cavalry, HP increased by 4% | D93: 1209 | E93: 1269 | F93: =SUM(D93:E93) -> 2478 | G93: =G92+F93 -> 7090
A94: 9 | B94: Siege Plan | C94: In siege attacks, Cavalry's Tactical Might increased by 1% | D94: 614 | F94: =SUM(D94:E94) -> 614 | G94: =G93+F94 -> 7704
A95: 10 | B95: Siege Plan | C95: In siege attacks, Cavalry's Tactical Might increased by 1% | D95: 645 | F95: =SUM(D95:E95) -> 645 | G95: =G94+F95 -> 8349
A96: 11 | B96: Siege Plan | C96: In siege attacks, Cavalry's Tactical Might increased by 1% | D96: 677 | F96: =SUM(D96:E96) -> 677 | G96: =G95+F96 -> 9026
A97: 12 | B97: Siege Plan | C97: In siege attacks, Cavalry's Tactical Might increased by 1% | D97: 677 | F97: =SUM(D97:E97) -> 677 | G97: =G96+F97 -> 9703
A98: 13 | B98: Siege Plan | C98: In siege attacks, Cavalry's Tactical Might increased by 1% | D98: 645 | F98: =SUM(D98:E98) -> 645 | G98: =G97+F98 -> 10348
A99: 14 | B99: Siege Intel | C99: In siege attacks, Cavalry's Tactical Resistance increased by 1% | D99: 677 | F99: =SUM(D99:E99) -> 677 | G99: =G98+F99 -> 11025
A100: 15 | B100: Siege Intel | C100: In siege attacks, Cavalry's Tactical Resistance increased by 1% | D100: 677 | F100: =SUM(D100:E100) -> 677 | G100: =G99+F100 -> 11702
A101: 16 | B101: Defense Plan | C101: In siege defense, Cavalry's Tactical Might increased by 1% | D101: 711 | F101: =SUM(D101:E101) -> 711 | G101: =G100+F101 -> 12413
A102: 17 | B102: Emergency Rescue II | C102: In round 6, if your Cavalry squad is the one with the lowest troop power among friendly squads, gain a shield making the next 1 damage(s) you take -30% for 1 round(s) | D102: 3360 | F102: =SUM(D102:E102) -> 3360 | G102: =G101+F102 -> 15773
A103: 18 | B103: Ambush in the Wild | C103: Cavalry Tactical Might in non-siege battles increased by 1% | D103: 614 | F103: =SUM(D103:E103) -> 614 | G103: =G102+F103 -> 16387
A104: 19 | B104: Ambush in the Wild | C104: Cavalry Tactical Might in non-siege battles increased by 1% | D104: 645 | F104: =SUM(D104:E104) -> 645 | G104: =G103+F104 -> 17032
A105: 20 | B105: Ambush in the Wild | C105: Cavalry Tactical Might in non-siege battles increased by 1% | D105: 677 | F105: =SUM(D105:E105) -> 677 | G105: =G104+F105 -> 17709
... A117: 32 | B117: Defense Plan | C117: In siege defense, Cavalry's Tactical Might increased by 1% | D117: 677 | F117: =SUM(D117:E117) -> 677 | G117: =G116+F117 -> 25708
A118: 33 | B118: Revival | C118: For squads with Cavalry, HP increased by 4% | D118: 1209 | E118: 1269 | F118: =SUM(D118:E118) -> 2478 | G118: =G117+F118 -> 28186
D119: 35 | F119: =SUM(F86:F118) -> 28186 | G119: =G118 -> 28186

Sheet Archer Training V
A1: Archer Training V
B3: Skill | C3: BUFF | D3: Level 1 | E3: Level 2 | F3: TOTAL | G3: Progress Tracker
A4: 1 | B4: Defense | C4: For squads with Archers, Resistance increased by 1% | D4: 165 | F4: =SUM(D4:E4) -> 165 | G4: =F4 -> 165
A5: 2 | B5: Courage | C5: For squads with Archers, Might increased by 1% | D5: 165 | F5: =SUM(D5:E5) -> 165 | G5: =G4+F5 -> 330
A6: 3 | B6: Revival | C6: For squads with Archers, HP increased by 2% | D6: 294 | E6: 309 | F6: =SUM(D6:E6) -> 603 | G6: =G5+F6 -> 933
A7: 4 | B7: Defense | C7: For squads with Archers, Resistance increased by 1% | D7: 183 | F7: =SUM(D7:E7) -> 183 | G7: =G6+F7 -> 1116
A8: 5 | B8: Defense | C8: For squads with Archers, Resistance increased by 1% | D8: 191 | F8: =SUM(D8:E8) -> 191 | G8: =G7+F8 -> 1307
A9: 6 | B9: Defense | C9: For squads with Archers, Resistance increased by 1% | D9: 200 | F9: =SUM(D9:E9) -> 200 | G9: =G8+F9 -> 1507
